,YEAR,BOARDS,ALIGHTS
103rd Street (Beverly Hills),2018,734,731
103rd Street (Beverly Hills),2016,759,754
103rd Street (Beverly Hills),2014,767,806
103rd Street (Beverly Hills),2006,1150,1210
103rd Street (Beverly Hills),2002,977,986
103rd Street (Beverly Hills),1999,969,964
103rd Street (Beverly Hills),1997,987,939
103rd Street (Beverly Hills),1995,1026,1033
103rd Street (Beverly Hills),1993,1036,1077
103rd Street (Beverly Hills),1991,1081,1127
103rd Street (Beverly Hills),1989,1205,1185
103rd Street (Beverly Hills),1987,1206,1227
103rd Street (Beverly Hills),1985,1216,1202
103rd Street (Beverly Hills),1983,1085,1151
103rd Street (Beverly Hills),1979,1432,0
103rd Street (Rosemoor),2018,36,34
103rd Street (Rosemoor),2016,37,42
103rd Street (Rosemoor),2014,43,60
103rd Street (Rosemoor),2006,70,75
103rd Street (Rosemoor),2002,82,80
103rd Street (Rosemoor),1999,67,81
103rd Street (Rosemoor),1997,96,66
103rd Street (Rosemoor),1995,77,82
103rd Street (Rosemoor),1993,76,83
103rd Street (Rosemoor),1991,91,59
103rd Street (Rosemoor),1989,74,68
103rd Street (Rosemoor),1987,51,61
103rd Street (Rosemoor),1985,27,51
103rd Street (Rosemoor),1983,17,27
103rd Street (Rosemoor),1979,72,0
107th Street,2018,27,23
107th Street,2016,19,27
107th Street,2014,31,38
107th Street,2006,34,39
107th Street,2002,28,31
107th Street,1999,46,49
107th Street,1997,43,31
107th Street,1995,36,42
107th Street,1993,39,38
107th Street,1991,54,50
107th Street,1989,48,46
107th Street,1987,37,35
107th Street,1985,32,32
107th Street,1983,18,26
107th Street,1979,33,0
107th Street (Beverly Hills),2018,395,368
107th Street (Beverly Hills),2016,451,465
107th Street (Beverly Hills),2014,413,395
107th Street (Beverly Hills),2006,617,603
107th Street (Beverly Hills),2002,668,645
107th Street (Beverly Hills),1999,628,621
107th Street (Beverly Hills),1997,544,533
107th Street (Beverly Hills),1995,588,602
107th Street (Beverly Hills),1993,655,612
107th Street (Beverly Hills),1991,681,687
107th Street (Beverly Hills),1989,754,730
107th Street (Beverly Hills),1987,626,556
107th Street (Beverly Hills),1985,494,474
107th Street (Beverly Hills),1983,435,413
107th Street (Beverly Hills),1979,447,0
111th Street,2018,31,49
111th Street,2016,24,38
111th Street,2014,19,34
111th Street,2006,27,37
111th Street,2002,22,22
111th Street,1999,45,58
111th Street,1997,64,50
111th Street,1995,41,47
111th Street,1993,48,50
111th Street,1991,53,43
111th Street,1989,57,56
111th Street,1987,42,52
111th Street,1985,48,93
111th Street,1983,46,44
111th Street,1979,76,0
111th Street (Morgan Park),2018,548,497
111th Street (Morgan Park),2016,587,545
111th Street (Morgan Park),2014,601,558
111th Street (Morgan Park),2006,820,736
111th Street (Morgan Park),2002,875,848
111th Street (Morgan Park),1999,889,906
111th Street (Morgan Park),1997,774,786
111th Street (Morgan Park),1995,796,809
111th Street (Morgan Park),1993,940,899
111th Street (Morgan Park),1991,1029,1036
111th Street (Morgan Park),1989,1176,1130
111th Street (Morgan Park),1987,946,956
111th Street (Morgan Park),1985,862,850
111th Street (Morgan Park),1983,766,753
111th Street (Morgan Park),1979,1030,0
115th Street (Morgan Park),2018,136,130
115th Street (Morgan Park),2016,170,167
115th Street (Morgan Park),2014,173,173
115th Street (Morgan Park),2006,279,213
115th Street (Morgan Park),2002,269,265
115th Street (Morgan Park),1999,265,234
115th Street (Morgan Park),1997,223,220
115th Street (Morgan Park),1995,267,268
115th Street (Morgan Park),1993,320,315
115th Street (Morgan Park),1991,338,289
115th Street (Morgan Park),1989,355,359
115th Street (Morgan Park),1987,298,255
115th Street (Morgan Park),1985,227,197
115th Street (Morgan Park),1983,215,185
115th Street (Morgan Park),1979,329,0
119th Street,2018,269,264
119th Street,2016,279,264
119th Street,2014,327,292
119th Street,2006,326,320
119th Street,2002,405,375
119th Street,1999,375,391
119th Street,1997,370,350
119th Street,1995,390,393
119th Street,1993,406,403
119th Street,1991,484,490
119th Street,1989,539,493
119th Street,1987,484,431
119th Street,1985,499,455
119th Street,1983,424,405
119th Street,1979,437,0
11th Street (Michigan City),2006,129,112
11th Street (Michigan City),2002,111,99
11th Street (Michigan City),1999,109,90
11th Street (Michigan City),1997,101,85
11th Street (Michigan City),1989,124,143
123rd Street,2018,53,36
123rd Street,2016,45,52
123rd Street,2014,53,49
123rd Street,2006,96,60
123rd Street,2002,67,65
123rd Street,1999,61,62
123rd Street,1997,81,62
123rd Street,1995,73,76
123rd Street,1993,82,72
123rd Street,1991,56,53
123rd Street,1989,75,81
123rd Street,1987,71,48
123rd Street,1985,70,117
123rd Street,1983,65,55
123rd Street,1979,131,0
143rd Street (Orland Park),2018,591,552
143rd Street (Orland Park),2016,548,529
143rd Street (Orland Park),2014,493,491
143rd Street (Orland Park),2006,234,234
143rd Street (Orland Park),2002,241,228
143rd Street (Orland Park),1999,315,272
143rd Street (Orland Park),1997,249,247
143rd Street (Orland Park),1995,319,292
143rd Street (Orland Park),1993,294,273
143rd Street (Orland Park),1991,305,288
143rd Street (Orland Park),1989,418,393
143rd Street (Orland Park),1987,359,341
143rd Street (Orland Park),1985,151,134
143rd Street (Orland Park),1983,135,133
143rd Street (Orland Park),1979,237,0
147th Street (Sibley Boulevard),2018,829,757
147th Street (Sibley Boulevard),2016,984,945
147th Street (Sibley Boulevard),2014,1060,984
147th Street (Sibley Boulevard),2006,1255,1216
147th Street (Sibley Boulevard),2002,1349,1279
147th Street (Sibley Boulevard),1999,1411,1366
147th Street (Sibley Boulevard),1997,1334,1329
147th Street (Sibley Boulevard),1995,1338,1328
147th Street (Sibley Boulevard),1993,1435,1423
147th Street (Sibley Boulevard),1991,1609,1543
147th Street (Sibley Boulevard),1989,1591,1472
147th Street (Sibley Boulevard),1987,1321,1278
147th Street (Sibley Boulevard),1985,1123,1268
147th Street (Sibley Boulevard),1983,990,970
147th Street (Sibley Boulevard),1979,1369,0
153rd Street (Orland Park),2018,544,567
153rd Street (Orland Park),2016,604,591
153rd Street (Orland Park),2014,621,609
153rd Street (Orland Park),2006,715,676
153rd Street (Orland Park),2002,512,445
153rd Street (Orland Park),1999,451,400
153rd Street (Orland Park),1997,429,418
153rd Street (Orland Park),1995,290,290
153rd Street (Orland Park),1993,224,212
153rd Street (Orland Park),1991,197,178
179th Street (Orland Park),2018,208,177
179th Street (Orland Park),2016,201,183
179th Street (Orland Park),2014,190,199
179th Street (Orland Park),2006,209,232
179th Street (Orland Park),2002,166,144
179th Street (Orland Park),1999,97,99
179th Street (Orland Park),1997,79,76
179th Street (Orland Park),1995,67,56
18th Street,2018,23,30
18th Street,2016,42,66
18th Street,2014,41,28
18th Street,2006,29,27
18th Street,2002,16,43
18th Street,1999,29,34
18th Street,1997,21,27
18th Street,1995,24,24
18th Street,1993,27,37
18th Street,1991,12,20
18th Street,1989,20,28
18th Street,1987,11,24
18th Street,1985,27,27
18th Street,1983,19,19
18th Street,1979,48,0
211th Street (Lincoln Highway),2018,527,565
211th Street (Lincoln Highway),2016,727,789
211th Street (Lincoln Highway),2014,855,855
211th Street (Lincoln Highway),2006,1149,1166
211th Street (Lincoln Highway),2002,1241,1262
211th Street (Lincoln Highway),1999,1279,1279
211th Street (Lincoln Highway),1997,1159,1164
211th Street (Lincoln Highway),1995,1173,1163
211th Street (Lincoln Highway),1993,1126,1181
211th Street (Lincoln Highway),1991,1129,1140
211th Street (Lincoln Highway),1989,1082,1053
211th Street (Lincoln Highway),1987,672,634
211th Street (Lincoln Highway),1985,589,587
211th Street (Lincoln Highway),1983,796,958
211th Street (Lincoln Highway),1979,1706,0
27th Street,2018,12,14
27th Street,2016,30,33
27th Street,2014,46,64
27th Street,2006,105,161
27th Street,2002,97,138
27th Street,1999,112,147
27th Street,1997,117,112
27th Street,1995,125,183
27th Street,1993,126,139
27th Street,1991,141,230
27th Street,1989,139,168
27th Street,1987,135,160
27th Street,1985,120,148
27th Street,1983,77,103
27th Street,1979,137,0
"35th St. / ""Lou Jones""",2018,245,316
"35th St. / ""Lou Jones""",2016,227,334
"35th St. / ""Lou Jones""",2014,249,266
47th Street (Kenwood),2018,94,109
47th Street (Kenwood),2016,82,170
47th Street (Kenwood),2014,94,144
47th Street (Kenwood),2006,113,138
47th Street (Kenwood),2002,72,80
47th Street (Kenwood),1999,81,122
47th Street (Kenwood),1997,93,107
47th Street (Kenwood),1995,106,113
47th Street (Kenwood),1993,80,96
47th Street (Kenwood),1991,55,99
47th Street (Kenwood),1989,69,78
47th Street (Kenwood),1987,35,59
47th Street (Kenwood),1985,31,55
47th Street (Kenwood),1983,18,43
47th Street (Kenwood),1979,39,0
53rd Street (Hyde Park),2018,671,728
53rd Street (Hyde Park),2016,642,630
53rd Street (Hyde Park),2014,496,497
53rd Street (Hyde Park),2006,571,584
53rd Street (Hyde Park),2002,582,639
53rd Street (Hyde Park),1999,802,844
53rd Street (Hyde Park),1997,769,769
53rd Street (Hyde Park),1995,691,735
53rd Street (Hyde Park),1993,625,677
53rd Street (Hyde Park),1991,629,798
53rd Street (Hyde Park),1989,656,693
53rd Street (Hyde Park),1987,570,580
53rd Street (Hyde Park),1985,641,674
53rd Street (Hyde Park),1983,427,518
53rd Street (Hyde Park),1979,928,0
55th-56th-57th Street,2018,1133,1022
55th-56th-57th Street,2016,1542,1216
55th-56th-57th Street,2014,1677,1425
55th-56th-57th Street,2006,1591,1228
55th-56th-57th Street,2002,502,518
55th-56th-57th Street,1999,677,702
55th-56th-57th Street,1997,602,575
55th-56th-57th Street,1995,609,625
55th-56th-57th Street,1993,574,601
55th-56th-57th Street,1991,531,563
55th-56th-57th Street,1989,542,557
55th-56th-57th Street,1987,527,548
55th-56th-57th Street,1985,478,598
55th-56th-57th Street,1983,676,650
55th-56th-57th Street,1979,796,0
59th Street (University of Chicago),2018,812,934
59th Street (University of Chicago),2016,674,836
59th Street (University of Chicago),2014,484,700
59th Street (University of Chicago),2006,667,777
59th Street (University of Chicago),2002,1497,1479
59th Street (University of Chicago),1999,1571,1494
59th Street (University of Chicago),1997,1267,1252
59th Street (University of Chicago),1995,1261,1316
59th Street (University of Chicago),1993,1216,1141
59th Street (University of Chicago),1991,1115,1046
59th Street (University of Chicago),1989,914,870
59th Street (University of Chicago),1987,836,726
59th Street (University of Chicago),1985,816,546
59th Street (University of Chicago),1983,513,426
59th Street (University of Chicago),1979,1152,0
63rd Street,2018,167,165
63rd Street,2016,299,271
63rd Street,2014,154,170
63rd Street,2006,270,226
63rd Street,2002,94,127
63rd Street,1999,99,91
63rd Street,1997,95,120
63rd Street,1995,88,124
63rd Street,1993,92,93
63rd Street,1991,67,120
63rd Street,1989,33,61
63rd Street,1987,120,103
63rd Street,1985,87,82
63rd Street,1983,139,97
63rd Street,1979,124,0
67th St.,2014,0,0
67th St.,1983,24,2
67th St.,1979,27,0
75th Street (Grand Crossing),2018,14,20
75th Street (Grand Crossing),2016,28,35
75th Street (Grand Crossing),2014,15,30
75th Street (Grand Crossing),2006,52,64
75th Street (Grand Crossing),2002,20,22
75th Street (Grand Crossing),1999,26,35
75th Street (Grand Crossing),1997,26,33
75th Street (Grand Crossing),1995,23,32
75th Street (Grand Crossing),1993,37,30
75th Street (Grand Crossing),1991,41,26
75th Street (Grand Crossing),1989,47,27
75th Street (Grand Crossing),1987,29,29
75th Street (Grand Crossing),1985,24,24
75th Street (Grand Crossing),1983,61,30
75th Street (Grand Crossing),1979,23,0
79th Street (Chatham),2018,50,58
79th Street (Chatham),2016,59,51
79th Street (Chatham),2014,57,77
79th Street (Chatham),2006,119,142
79th Street (Chatham),2002,120,132
79th Street (Chatham),1999,134,156
79th Street (Chatham),1997,157,143
79th Street (Chatham),1995,122,130
79th Street (Chatham),1993,144,125
79th Street (Chatham),1991,105,110
79th Street (Chatham),1989,103,111
79th Street (Chatham),1987,113,98
79th Street (Chatham),1985,65,93
79th Street (Chatham),1983,70,83
79th Street (Chatham),1979,77,0
80th Avenue (Tinley Park),2018,2064,1982
80th Avenue (Tinley Park),2016,2050,1936
80th Avenue (Tinley Park),2014,1932,1929
80th Avenue (Tinley Park),2006,2459,2322
80th Avenue (Tinley Park),2002,2297,2235
80th Avenue (Tinley Park),1999,1822,1856
80th Avenue (Tinley Park),1997,1585,1570
80th Avenue (Tinley Park),1995,1240,1226
80th Avenue (Tinley Park),1993,1148,1174
80th Avenue (Tinley Park),1991,1268,1209
80th Avenue (Tinley Park),1989,1246,1266
80th Avenue (Tinley Park),1987,1178,1027
80th Avenue (Tinley Park),1985,759,685
80th Avenue (Tinley Park),1983,632,665
80th Avenue (Tinley Park),1979,616,0
83rd Street,2018,74,74
83rd Street,2016,103,97
83rd Street,2014,113,123
83rd Street,2006,217,213
83rd Street,2002,405,421
83rd Street,1999,450,448
83rd Street,1997,417,423
83rd Street,1995,415,433
83rd Street,1993,429,450
83rd Street,1991,486,508
83rd Street,1989,511,547
83rd Street,1987,505,562
83rd Street,1985,475,541
83rd Street,1983,417,453
83rd Street,1979,539,0
83rd Street (Avalon Park),2018,56,62
83rd Street (Avalon Park),2016,40,55
83rd Street (Avalon Park),2014,50,53
83rd Street (Avalon Park),2006,103,89
83rd Street (Avalon Park),2002,95,94
83rd Street (Avalon Park),1999,102,96
83rd Street (Avalon Park),1997,97,85
83rd Street (Avalon Park),1995,82,75
83rd Street (Avalon Park),1993,77,62
83rd Street (Avalon Park),1991,72,73
83rd Street (Avalon Park),1989,67,74
83rd Street (Avalon Park),1987,48,56
83rd Street (Avalon Park),1985,57,53
83rd Street (Avalon Park),1983,46,43
83rd Street (Avalon Park),1979,139,0
87th Street,2018,106,97
87th Street,2016,90,113
87th Street,2014,117,120
87th Street,2006,189,165
87th Street,2002,245,274
87th Street,1999,267,279
87th Street,1997,244,253
87th Street,1995,260,256
87th Street,1993,272,304
87th Street,1991,339,401
87th Street,1989,377,368
87th Street,1987,303,339
87th Street,1985,272,334
87th Street,1983,211,258
87th Street,1979,321,0
87th Street (Woodruff),2018,56,51
87th Street (Woodruff),2016,41,42
87th Street (Woodruff),2014,56,69
87th Street (Woodruff),2006,64,67
87th Street (Woodruff),2002,48,55
87th Street (Woodruff),1999,93,90
87th Street (Woodruff),1997,76,75
87th Street (Woodruff),1995,101,87
87th Street (Woodruff),1993,64,69
87th Street (Woodruff),1991,48,52
87th Street (Woodruff),1989,65,80
87th Street (Woodruff),1987,57,62
87th Street (Woodruff),1985,41,55
87th Street (Woodruff),1983,41,39
87th Street (Woodruff),1979,62,0
91st Street (Beverly Hills),2018,368,391
91st Street (Beverly Hills),2016,364,383
91st Street (Beverly Hills),2014,359,367
91st Street (Beverly Hills),2006,437,467
91st Street (Beverly Hills),2002,542,544
91st Street (Beverly Hills),1999,641,636
91st Street (Beverly Hills),1997,608,620
91st Street (Beverly Hills),1995,716,716
91st Street (Beverly Hills),1993,714,752
91st Street (Beverly Hills),1991,645,617
91st Street (Beverly Hills),1989,706,689
91st Street (Beverly Hills),1987,604,640
91st Street (Beverly Hills),1985,561,547
91st Street (Beverly Hills),1983,478,480
91st Street (Beverly Hills),1979,627,0
91st Street (Chesterfield),2018,23,32
91st Street (Chesterfield),2016,27,22
91st Street (Chesterfield),2014,26,38
91st Street (Chesterfield),2006,66,48
91st Street (Chesterfield),2002,44,37
91st Street (Chesterfield),1999,32,42
91st Street (Chesterfield),1997,39,27
91st Street (Chesterfield),1995,31,22
91st Street (Chesterfield),1993,36,34
91st Street (Chesterfield),1991,32,44
91st Street (Chesterfield),1989,51,38
91st Street (Chesterfield),1987,35,41
91st Street (Chesterfield),1985,38,43
91st Street (Chesterfield),1983,30,26
91st Street (Chesterfield),1979,53,0
93rd Street (South Chicago),2018,472,512
93rd Street (South Chicago),2016,619,631
93rd Street (South Chicago),2014,652,714
93rd Street (South Chicago),2006,974,1053
93rd Street (South Chicago),2002,1108,1090
93rd Street (South Chicago),1999,960,971
93rd Street (South Chicago),1997,997,964
93rd Street (South Chicago),1995,942,949
93rd Street (South Chicago),1993,1001,1074
93rd Street (South Chicago),1991,1012,1029
93rd Street (South Chicago),1989,997,1088
93rd Street (South Chicago),1987,881,985
93rd Street (South Chicago),1985,715,865
93rd Street (South Chicago),1983,635,744
93rd Street (South Chicago),1979,912,0
95th Street (Beverly Hills),2018,443,443
95th Street (Beverly Hills),2016,423,420
95th Street (Beverly Hills),2014,527,486
95th Street (Beverly Hills),2006,604,641
95th Street (Beverly Hills),2002,649,654
95th Street (Beverly Hills),1999,661,698
95th Street (Beverly Hills),1997,637,681
95th Street (Beverly Hills),1995,602,649
95th Street (Beverly Hills),1993,706,741
95th Street (Beverly Hills),1991,676,735
95th Street (Beverly Hills),1989,769,803
95th Street (Beverly Hills),1987,795,778
95th Street (Beverly Hills),1985,760,818
95th Street (Beverly Hills),1983,722,812
95th Street (Beverly Hills),1979,1039,0
95th Street (Chicago State University),2018,24,24
95th Street (Chicago State University),2016,26,41
95th Street (Chicago State University),2014,43,47
95th Street (Chicago State University),2006,49,55
95th Street (Chicago State University),2002,43,51
95th Street (Chicago State University),1999,77,67
95th Street (Chicago State University),1997,58,74
95th Street (Chicago State University),1995,41,55
95th Street (Chicago State University),1993,36,44
95th Street (Chicago State University),1991,47,70
95th Street (Chicago State University),1989,51,53
95th Street (Chicago State University),1987,43,41
95th Street (Chicago State University),1985,24,45
95th Street (Chicago State University),1983,17,30
95th Street (Chicago State University),1979,39,0
99th Street (Beverly Hills),2018,645,644
99th Street (Beverly Hills),2016,725,681
99th Street (Beverly Hills),2014,621,587
99th Street (Beverly Hills),2006,679,741
99th Street (Beverly Hills),2002,759,775
99th Street (Beverly Hills),1999,756,791
99th Street (Beverly Hills),1997,773,706
99th Street (Beverly Hills),1995,721,746
99th Street (Beverly Hills),1993,755,744
99th Street (Beverly Hills),1991,827,850
99th Street (Beverly Hills),1989,941,917
99th Street (Beverly Hills),1987,839,823
99th Street (Beverly Hills),1985,767,790
99th Street (Beverly Hills),1983,614,688
99th Street (Beverly Hills),1979,730,0
"99th Street, Longwood",1985,25,26
"99th Street, Longwood",1983,24,23
"99th Street, Longwood",1979,52,0
Abbott Platform,1985,20,20
Abbott Platform,1983,14,17
Ambridge,1989,17,20
Antioch,2018,192,189
Antioch,2016,184,201
Antioch,2014,227,232
Antioch,2006,262,261
Antioch,2002,169,160
Antioch,1999,141,120
Antioch,1997,124,117
Arlington Heights,2018,2506,2537
Arlington Heights,2016,2578,2409
Arlington Heights,2014,2349,2291
Arlington Heights,2006,2317,2321
Arlington Heights,2002,2496,2448
Arlington Heights,1999,2579,2557
Arlington Heights,1997,2572,2534
Arlington Heights,1995,2833,2801
Arlington Heights,1993,3001,2988
Arlington Heights,1991,3129,3150
Arlington Heights,1989,3179,3117
Arlington Heights,1987,2953,2875
Arlington Heights,1985,2727,2646
Arlington Heights,1983,2764,2701
Arlington Heights,1979,3851,0
Arlington Park,2018,1738,1661
Arlington Park,2016,1697,1659
Arlington Park,2014,1672,1626
Arlington Park,2006,1614,1634
Arlington Park,2002,1665,1691
Arlington Park,1999,1904,1879
Arlington Park,1997,1980,1936
Arlington Park,1995,1957,1930
Arlington Park,1993,1945,1940
Arlington Park,1991,1829,1820
Arlington Park,1989,1845,1835
Arlington Park,1987,1834,1740
Arlington Park,1985,1479,1505
Arlington Park,1983,1430,1417
Arlington Park,1979,1969,0
Ashburn,2018,229,200
Ashburn,2016,218,239
Ashburn,2014,255,271
Ashburn,2006,321,342
Ashburn,2002,353,354
Ashburn,1999,312,322
Ashburn,1997,344,367
Ashburn,1995,322,324
Ashburn,1993,372,385
Ashburn,1991,408,386
Ashburn,1989,424,466
Ashburn,1987,322,319
Ashburn,1985,299,298
Ashburn,1983,244,239
Ashburn,1979,339,0
Ashland Avenue,2018,97,98
Ashland Avenue,2016,111,96
Ashland Avenue,2014,98,72
Ashland Avenue,2006,165,156
Ashland Avenue,2002,137,123
Ashland Avenue,1999,132,132
Ashland Avenue,1997,137,118
Ashland Avenue,1995,138,137
Ashland Avenue,1993,167,165
Ashland Avenue,1991,147,138
Ashland Avenue,1989,154,142
Ashland Avenue,1987,176,178
Ashland Avenue,1985,123,165
Ashland Avenue,1983,166,156
Ashland Avenue,1979,292,0
Aurora,2018,1856,1788
Aurora,2016,1936,1920
Aurora,2014,2107,1972
Aurora,2006,2180,2066
Aurora,2002,1646,1577
Aurora,1999,1467,1387
Aurora,1997,1387,1406
Aurora,1995,1184,1160
Aurora,1993,1033,1026
Aurora,1991,1014,931
Aurora,1989,1056,1133
Aurora,1987,985,976
Aurora,1985,905,964
Aurora,1983,834,837
Aurora,1979,1031,0
Barrington,2018,1725,1732
Barrington,2016,1738,1681
Barrington,2014,1717,1716
Barrington,2006,1724,1799
Barrington,2002,1724,1735
Barrington,1999,1745,1782
Barrington,1997,1758,1742
Barrington,1995,1831,1799
Barrington,1993,1859,1829
Barrington,1991,1748,1793
Barrington,1989,1838,1808
Barrington,1987,1945,1842
Barrington,1985,1631,1604
Barrington,1983,1564,1527
Barrington,1979,2217,0
Bartlett,2018,988,1007
Bartlett,2016,1071,1086
Bartlett,2014,1081,1062
Bartlett,2006,1064,1084
Bartlett,2002,1027,985
Bartlett,1999,1173,1136
Bartlett,1997,1184,1169
Bartlett,1995,1213,1201
Bartlett,1993,1109,1129
Bartlett,1991,1075,1086
Bartlett,1989,915,871
Bartlett,1987,805,834
Bartlett,1985,712,764
Bartlett,1983,669,735
Bartlett,1979,1166,0
Bellwood,2018,145,152
Bellwood,2016,148,160
Bellwood,2014,165,159
Bellwood,2006,215,207
Bellwood,2002,221,221
Bellwood,1999,205,229
Bellwood,1997,196,192
Bellwood,1995,173,185
Bellwood,1993,205,198
Bellwood,1991,196,189
Bellwood,1989,202,184
Bellwood,1987,214,178
Bellwood,1985,225,228
Bellwood,1983,248,228
Bellwood,1979,338,0
Belmont,2018,1408,1403
Belmont,2016,1472,1366
Belmont,2014,1325,1348
Belmont,2006,1414,1440
Belmont,2002,1450,1431
Belmont,1999,1515,1495
Belmont,1997,1495,1408
Belmont,1995,1418,1374
Belmont,1993,1392,1366
Belmont,1991,1410,1435
Belmont,1989,1511,1531
Belmont,1987,1460,1318
Belmont,1985,1400,1300
Belmont,1983,1204,1172
Belmont,1979,1498,0
Belmont Ave. (Franklin Park),2018,24,32
Belmont Ave. (Franklin Park),2016,32,34
Belmont Ave. (Franklin Park),2014,29,36
Belmont Ave. (Franklin Park),2006,25,37
Bensenville,2018,414,406
Bensenville,2016,357,372
Bensenville,2014,433,437
Bensenville,2006,450,407
Bensenville,2002,458,456
Bensenville,1999,498,498
Bensenville,1997,501,495
Bensenville,1995,521,512
Bensenville,1993,526,535
Bensenville,1991,447,454
Bensenville,1989,527,544
Bensenville,1987,448,472
Bensenville,1985,476,510
Bensenville,1983,439,444
Bensenville,1979,802,0
Berkeley,2018,145,158
Berkeley,2016,140,188
Berkeley,2014,161,155
Berkeley,2006,176,197
Berkeley,2002,162,166
Berkeley,1999,194,185
Berkeley,1997,205,207
Berkeley,1995,201,200
Berkeley,1993,201,202
Berkeley,1991,221,240
Berkeley,1989,248,267
Berkeley,1987,246,256
Berkeley,1985,207,205
Berkeley,1983,201,204
Berkeley,1979,254,0
Berwyn,2018,669,646
Berwyn,2016,632,682
Berwyn,2014,732,704
Berwyn,2006,718,751
Berwyn,2002,844,806
Berwyn,1999,860,900
Berwyn,1997,804,860
Berwyn,1995,921,951
Berwyn,1993,869,901
Berwyn,1991,811,912
Berwyn,1989,867,969
Berwyn,1987,882,997
Berwyn,1985,803,911
Berwyn,1983,852,899
Berwyn,1979,1097,0
Beverly Shores,2006,58,37
Beverly Shores,2002,39,32
Beverly Shores,1999,20,28
Beverly Shores,1997,30,18
Beverly Shores,1989,37,43
Big Timber Road,2018,699,664
Big Timber Road,2016,789,714
Big Timber Road,2014,782,737
Big Timber Road,2006,803,698
Big Timber Road,2002,581,560
Big Timber Road,1999,482,473
Big Timber Road,1997,385,380
Big Timber Road,1995,347,334
Big Timber Road,1993,128,132
Big Timber Road,1991,124,132
Big Timber Road,1989,33,32
Big Timber Road,1987,41,22
Blue Island,2018,197,136
Blue Island,2016,181,133
Blue Island,2014,169,139
Blue Island,2006,324,256
Blue Island,2002,237,222
Blue Island,1999,264,259
Blue Island,1997,266,254
Blue Island,1995,303,300
Blue Island,1993,416,416
Blue Island,1991,359,299
Blue Island,1989,323,307
Blue Island,1987,366,327
Blue Island,1985,336,342
Blue Island,1983,393,356
Blue Island,1979,544,0
Blue Island (Vermont Street),2018,479,549
Blue Island (Vermont Street),2016,575,610
Blue Island (Vermont Street),2014,521,497
Blue Island (Vermont Street),2006,1148,990
Blue Island (Vermont Street),2002,931,999
Blue Island (Vermont Street),1999,954,975
Blue Island (Vermont Street),1997,1030,988
Blue Island (Vermont Street),1995,904,889
Blue Island (Vermont Street),1993,881,953
Blue Island (Vermont Street),1991,780,895
Blue Island (Vermont Street),1989,947,976
Blue Island (Vermont Street),1987,914,853
Blue Island (Vermont Street),1985,739,780
Blue Island (Vermont Street),1983,679,652
Blue Island (Vermont Street),1979,920,0
Blue Island (Vermont Street),2018,116,128
Blue Island (Vermont Street),2016,113,122
Blue Island (Vermont Street),2014,124,186
Braeside,2018,410,379
Braeside,2016,442,421
Braeside,2014,373,378
Braeside,2006,341,327
Braeside,2002,340,329
Braeside,1999,330,322
Braeside,1997,247,241
Braeside,1995,275,256
Braeside,1993,292,267
Braeside,1991,324,286
Braeside,1989,295,295
Braeside,1987,313,310
Braeside,1985,286,272
Braeside,1983,301,285
Braeside,1979,387,0
Brainerd,2018,265,258
Brainerd,2016,303,294
Brainerd,2014,322,295
Brainerd,2006,448,467
Brainerd,2002,499,483
Brainerd,1999,375,366
Brainerd,1997,301,268
Brainerd,1995,316,347
Brainerd,1993,297,292
Brainerd,1991,293,286
Brainerd,1989,288,288
Brainerd,1987,213,214
Brainerd,1985,262,157
Brainerd,1983,123,101
Brainerd,1979,311,0
Brighton Park,1983,3,4
Brighton Park,1979,15,0
Brookfield,2018,546,656
Brookfield,2016,572,624
Brookfield,2014,607,645
Brookfield,2006,604,721
Brookfield,2002,660,685
Brookfield,1999,648,656
Brookfield,1997,633,658
Brookfield,1995,659,662
Brookfield,1993,635,666
Brookfield,1991,618,616
Brookfield,1989,688,690
Brookfield,1987,705,696
Brookfield,1985,691,651
Brookfield,1983,708,712
Brookfield,1979,858,0
Bryn Mawr,2018,73,61
Bryn Mawr,2016,112,93
Bryn Mawr,2014,88,109
Bryn Mawr,2006,184,170
Bryn Mawr,2002,225,225
Bryn Mawr,1999,294,287
Bryn Mawr,1997,265,262
Bryn Mawr,1995,236,242
Bryn Mawr,1993,232,248
Bryn Mawr,1991,203,269
Bryn Mawr,1989,171,230
Bryn Mawr,1987,153,190
Bryn Mawr,1985,190,254
Bryn Mawr,1983,153,209
Bryn Mawr,1979,245,0
Buffalo Grove,2018,695,637
Buffalo Grove,2016,590,555
Buffalo Grove,2014,621,618
Buffalo Grove,2006,545,560
Buffalo Grove,2002,547,520
Buffalo Grove,1999,599,562
Buffalo Grove,1997,534,488
Burr Oak,2018,89,100
Burr Oak,2016,117,91
Burr Oak,2014,124,108
Burr Oak,2006,156,122
Burr Oak,2002,179,162
Burr Oak,1999,221,208
Burr Oak,1997,212,212
Burr Oak,1995,251,242
Burr Oak,1993,283,278
Burr Oak,1991,307,282
Burr Oak,1989,367,365
Burr Oak,1987,325,339
Burr Oak,1985,279,290
Burr Oak,1983,350,363
Burr Oak,1979,480,0
Calumet,2018,1077,1060
Calumet,2016,989,1089
Calumet,2014,1187,1124
Calumet,2006,1363,1342
Calumet,2002,1117,1100
Calumet,1999,1128,1101
Calumet,1997,1143,1142
Calumet,1995,1124,1077
Calumet,1993,1097,1117
Calumet,1991,1145,1204
Calumet,1989,1351,1243
Calumet,1987,1052,1020
Calumet,1985,944,931
Calumet,1983,764,765
Calumet,1979,850,0
Carroll Avenue (Michigan City),2006,184,210
Carroll Avenue (Michigan City),2002,158,157
Carroll Avenue (Michigan City),1999,148,126
Carroll Avenue (Michigan City),1997,160,154
Carroll Avenue (Michigan City),1989,94,101
Cary,2018,883,897
Cary,2016,941,893
Cary,2014,873,869
Cary,2006,988,940
Cary,2002,1035,1020
Cary,1999,951,965
Cary,1997,899,886
Cary,1995,973,959
Cary,1993,853,822
Cary,1991,732,732
Cary,1989,615,611
Cary,1987,516,511
Cary,1985,478,433
Cary,1983,457,451
Cary,1979,619,0
Central Street (Evanston),2018,1346,1297
Central Street (Evanston),2016,1428,1303
Central Street (Evanston),2014,1197,1169
Central Street (Evanston),2006,1234,1199
Central Street (Evanston),2002,1276,1251
Central Street (Evanston),1999,1246,1230
Central Street (Evanston),1997,1161,1138
Central Street (Evanston),1995,1210,1171
Central Street (Evanston),1993,1226,1184
Central Street (Evanston),1991,1317,1229
Central Street (Evanston),1989,1118,1030
Central Street (Evanston),1987,1039,1016
Central Street (Evanston),1985,845,833
Central Street (Evanston),1983,771,759
Central Street (Evanston),1979,1068,0
Cheltenham (79th Street),2018,47,37
Cheltenham (79th Street),2016,55,67
Cheltenham (79th Street),2014,79,66
Cheltenham (79th Street),2006,114,110
Cheltenham (79th Street),2002,174,174
Cheltenham (79th Street),1999,232,248
Cheltenham (79th Street),1997,172,167
Cheltenham (79th Street),1995,192,207
Cheltenham (79th Street),1993,207,190
Cheltenham (79th Street),1991,288,278
Cheltenham (79th Street),1989,258,268
Cheltenham (79th Street),1987,236,265
Cheltenham (79th Street),1985,284,306
Cheltenham (79th Street),1983,232,235
Cheltenham (79th Street),1979,372,0
Chicago Ridge,2018,372,322
Chicago Ridge,2016,339,355
Chicago Ridge,2014,332,364
Chicago Ridge,2006,406,376
Chicago Ridge,2002,372,365
Chicago Ridge,1999,485,451
Chicago Ridge,1997,520,494
Chicago Ridge,1995,474,491
Chicago Ridge,1993,455,439
Chicago Ridge,1991,447,449
Chicago Ridge,1989,466,451
Chicago Ridge,1987,425,425
Chicago Ridge,1985,257,253
Chicago Ridge,1983,227,223
Chicago Ridge,1979,226,0
Cicero,2018,136,183
Cicero,2016,185,235
Cicero,2014,196,203
Cicero,2006,246,281
Cicero,2002,281,299
Cicero,1999,256,260
Cicero,1997,208,255
Cicero,1995,249,223
Cicero,1993,225,239
Cicero,1991,182,171
Cicero,1989,245,245
Cicero,1987,213,212
Cicero,1985,232,224
Cicero,1983,276,332
Cicero,1979,558,0
Clarendon Hills,2018,799,791
Clarendon Hills,2016,806,829
Clarendon Hills,2014,808,740
Clarendon Hills,2006,799,822
Clarendon Hills,2002,885,878
Clarendon Hills,1999,957,947
Clarendon Hills,1997,902,919
Clarendon Hills,1995,928,914
Clarendon Hills,1993,990,955
Clarendon Hills,1991,986,971
Clarendon Hills,1989,1011,1049
Clarendon Hills,1987,1117,1087
Clarendon Hills,1985,1032,951
Clarendon Hills,1983,1078,997
Clarendon Hills,1979,1120,0
Clybourn,2018,1674,1766
Clybourn,2016,1831,2027
Clybourn,2014,1599,1577
Clybourn,2006,1466,1610
Clybourn,2002,1020,1377
Clybourn,1999,1010,1237
Clybourn,1997,879,1265
Clybourn,1995,999,1227
Clybourn,1993,854,1147
Clybourn,1991,676,1177
Clybourn,1989,687,914
Clybourn,1987,486,487
Clybourn,1985,385,375
Clybourn,1983,382,413
Clybourn,1979,1078,0
Clyde,2006,64,68
Clyde,2002,71,68
Clyde,1999,64,66
Clyde,1997,80,70
Clyde,1995,89,94
Clyde,1993,110,117
Clyde,1991,113,140
Clyde,1989,128,143
Clyde,1987,129,114
Clyde,1985,116,150
Clyde,1983,131,157
Clyde,1979,208,0
College Avenue,2018,1059,1009
College Avenue,2016,918,891
College Avenue,2014,1057,1048
College Avenue,2006,952,962
College Avenue,2002,840,850
College Avenue,1999,981,985
College Avenue,1997,973,963
College Avenue,1995,1031,1014
College Avenue,1993,970,953
College Avenue,1991,999,967
College Avenue,1989,946,930
College Avenue,1987,993,964
College Avenue,1985,838,843
College Avenue,1983,838,834
College Avenue,1979,975,0
Congress Park,2018,368,340
Congress Park,2016,290,269
Congress Park,2014,250,225
Congress Park,2006,176,100
Congress Park,2002,118,76
Congress Park,1999,86,77
Congress Park,1997,126,74
Congress Park,1995,113,94
Congress Park,1993,107,100
Congress Park,1991,105,109
Congress Park,1989,116,142
Congress Park,1987,149,149
Congress Park,1985,168,145
Congress Park,1983,129,128
Congress Park,1979,151,0
Cragin,2006,37,33
Cragin,2002,29,36
Cragin,1999,38,41
Cragin,1997,53,54
Cragin,1995,39,54
Cragin,1993,53,45
Cragin,1991,44,33
Cragin,1989,54,48
Cragin,1987,61,61
Cragin,1985,104,110
Cragin,1983,111,93
Cragin,1979,232,0
Crystal Lake,2018,1138,1071
Crystal Lake,2016,1199,1170
Crystal Lake,2014,1238,1263
Crystal Lake,2006,1370,1399
Crystal Lake,2002,1579,1576
Crystal Lake,1999,1501,1493
Crystal Lake,1997,1495,1473
Crystal Lake,1995,1463,1430
Crystal Lake,1993,1316,1325
Crystal Lake,1991,1248,1238
Crystal Lake,1989,1105,1081
Crystal Lake,1987,1084,1130
Crystal Lake,1985,954,997
Crystal Lake,1983,907,907
Crystal Lake,1979,1173,0
Cumberland,2018,442,427
Cumberland,2016,455,418
Cumberland,2014,431,414
Cumberland,2006,393,424
Cumberland,2002,393,385
Cumberland,1999,523,514
Cumberland,1997,520,507
Cumberland,1995,543,557
Cumberland,1993,559,575
Cumberland,1991,537,520
Cumberland,1989,604,583
Cumberland,1987,546,591
Cumberland,1985,567,583
Cumberland,1983,685,641
Cumberland,1979,981,0
Davis Street (Evanston),2018,1876,1980
Davis Street (Evanston),2016,1939,2134
Davis Street (Evanston),2014,2070,2060
Davis Street (Evanston),2006,1854,1937
Davis Street (Evanston),2002,1439,1507
Davis Street (Evanston),1999,1395,1427
Davis Street (Evanston),1997,1322,1390
Davis Street (Evanston),1995,1208,1251
Davis Street (Evanston),1993,1124,1177
Davis Street (Evanston),1991,1073,1154
Davis Street (Evanston),1989,951,961
Davis Street (Evanston),1987,787,817
Davis Street (Evanston),1985,709,682
Davis Street (Evanston),1983,565,569
Davis Street (Evanston),1979,1110,0
Dee Road,2018,594,552
Dee Road,2016,515,462
Dee Road,2014,570,522
Dee Road,2006,446,405
Dee Road,2002,388,385
Dee Road,1999,438,430
Dee Road,1997,389,389
Dee Road,1995,428,421
Dee Road,1993,489,454
Dee Road,1991,403,403
Dee Road,1989,416,444
Dee Road,1987,432,436
Dee Road,1985,373,345
Dee Road,1983,397,361
Dee Road,1979,621,0
Deerfield,2018,1133,1176
Deerfield,2016,1282,1136
Deerfield,2014,1247,1025
Deerfield,2006,1315,1183
Deerfield,2002,1286,1162
Deerfield,1999,1279,1211
Deerfield,1997,1307,1202
Deerfield,1995,1765,1740
Deerfield,1993,1676,1668
Deerfield,1991,1669,1666
Deerfield,1989,1528,1516
Deerfield,1987,1447,1374
Deerfield,1985,1439,1326
Deerfield,1983,1185,1204
Deerfield,1979,1722,0
Des Plaines,2018,1209,1194
Des Plaines,2016,1142,1201
Des Plaines,2014,1221,1203
Des Plaines,2006,1085,1062
Des Plaines,2002,991,1013
Des Plaines,1999,1148,1123
Des Plaines,1997,1111,1067
Des Plaines,1995,1117,1109
Des Plaines,1993,1237,1209
Des Plaines,1991,1146,1131
Des Plaines,1989,1252,1218
Des Plaines,1987,1159,1069
Des Plaines,1985,1141,1052
Des Plaines,1983,1145,1188
Des Plaines,1979,2091,0
Dune Acres,1989,19,43
Dune Park,2006,485,516
Dune Park,2002,429,440
Dune Park,1999,392,441
Dune Park,1997,378,419
Dune Park,1989,272,271
East Chicago,2006,1848,1799
East Chicago,2002,1441,1429
East Chicago,1999,1557,1585
East Chicago,1997,1544,1608
East Chicago,1989,1580,1592
Edgebrook,2018,701,571
Edgebrook,2016,609,571
Edgebrook,2014,504,575
Edgebrook,2006,544,616
Edgebrook,2002,624,607
Edgebrook,1999,578,585
Edgebrook,1997,586,574
Edgebrook,1995,587,581
Edgebrook,1993,527,507
Edgebrook,1991,385,382
Edgebrook,1989,337,344
Edgebrook,1987,328,307
Edgebrook,1985,266,243
Edgebrook,1983,197,191
Edgebrook,1979,394,0
Edison Park,2018,752,690
Edison Park,2016,694,694
Edison Park,2014,646,657
Edison Park,2006,536,549
Edison Park,2002,593,585
Edison Park,1999,547,563
Edison Park,1997,541,549
Edison Park,1995,518,539
Edison Park,1993,544,527
Edison Park,1991,402,397
Edison Park,1989,425,404
Edison Park,1987,360,349
Edison Park,1985,328,344
Edison Park,1983,383,366
Edison Park,1979,685,0
Elburn,2018,336,278
Elburn,2016,307,329
Elburn,2014,345,343
Elburn,2006,255,258
Elgin,2018,411,422
Elgin,2016,436,503
Elgin,2014,461,491
Elgin,2006,476,499
Elgin,2002,554,537
Elgin,1999,419,404
Elgin,1997,361,356
Elgin,1995,373,359
Elgin,1993,421,428
Elgin,1991,358,373
Elgin,1989,465,488
Elgin,1987,463,476
Elgin,1985,495,409
Elgin,1983,390,385
Elgin,1979,597,0
Elmhurst,2018,2540,2347
Elmhurst,2016,2344,2275
Elmhurst,2014,2313,2187
Elmhurst,2006,1833,1856
Elmhurst,2002,1785,1739
Elmhurst,1999,1776,1762
Elmhurst,1997,1805,1778
Elmhurst,1995,1768,1764
Elmhurst,1993,1730,1671
Elmhurst,1991,1704,1707
Elmhurst,1989,1783,1780
Elmhurst,1987,1787,1739
Elmhurst,1985,1635,1691
Elmhurst,1983,1521,1476
Elmhurst,1979,2068,0
Elmwood Park,2018,388,449
Elmwood Park,2016,405,411
Elmwood Park,2014,396,396
Elmwood Park,2006,392,426
Elmwood Park,2002,405,436
Elmwood Park,1999,471,442
Elmwood Park,1997,473,472
Elmwood Park,1995,471,467
Elmwood Park,1993,408,378
Elmwood Park,1991,400,394
Elmwood Park,1989,436,433
Elmwood Park,1987,483,492
Elmwood Park,1985,521,492
Elmwood Park,1983,466,502
Elmwood Park,1979,772,0
Fairview Avenue (Downers Grove),2018,415,413
Fairview Avenue (Downers Grove),2016,458,432
Fairview Avenue (Downers Grove),2014,425,378
Fairview Avenue (Downers Grove),2006,403,414
Fairview Avenue (Downers Grove),2002,445,416
Fairview Avenue (Downers Grove),1999,550,513
Fairview Avenue (Downers Grove),1997,572,520
Fairview Avenue (Downers Grove),1995,553,548
Fairview Avenue (Downers Grove),1993,604,580
Fairview Avenue (Downers Grove),1991,537,556
Fairview Avenue (Downers Grove),1989,562,543
Fairview Avenue (Downers Grove),1987,612,539
Fairview Avenue (Downers Grove),1985,635,576
Fairview Avenue (Downers Grove),1983,598,481
Fairview Avenue (Downers Grove),1979,724,0
Flossmoor,2018,859,787
Flossmoor,2016,824,758
Flossmoor,2014,830,788
Flossmoor,2006,1002,986
Flossmoor,2002,1018,1030
Flossmoor,1999,1064,1033
Flossmoor,1997,1146,1113
Flossmoor,1995,1286,1258
Flossmoor,1993,1285,1249
Flossmoor,1991,1328,1253
Flossmoor,1989,1416,1337
Flossmoor,1987,1514,1443
Flossmoor,1985,1552,1485
Flossmoor,1983,1273,1341
Flossmoor,1979,1786,0
Forest Glen,2018,376,363
Forest Glen,2016,343,355
Forest Glen,2014,351,360
Forest Glen,2006,331,333
Forest Glen,2002,332,305
Forest Glen,1999,320,288
Forest Glen,1997,239,212
Forest Glen,1995,232,233
Forest Glen,1993,197,195
Forest Glen,1991,155,132
Forest Glen,1989,124,113
Forest Glen,1987,102,97
Forest Glen,1985,75,86
Forest Glen,1983,73,78
Forest Glen,1979,158,0
Fort Sheridan,2018,259,247
Fort Sheridan,2016,274,284
Fort Sheridan,2014,266,263
Fort Sheridan,2006,279,289
Fort Sheridan,2002,285,279
Fort Sheridan,1999,276,268
Fort Sheridan,1997,276,275
Fort Sheridan,1995,296,297
Fort Sheridan,1993,279,268
Fort Sheridan,1991,338,308
Fort Sheridan,1989,354,322
Fort Sheridan,1987,394,334
Fort Sheridan,1985,313,324
Fort Sheridan,1983,311,300
Fort Sheridan,1979,401,0
Fox Lake,2018,322,299
Fox Lake,2016,356,336
Fox Lake,2014,442,392
Fox Lake,2006,632,628
Fox Lake,2002,475,460
Fox Lake,1999,547,564
Fox Lake,1997,558,551
Fox Lake,1995,500,487
Fox Lake,1993,443,435
Fox Lake,1991,433,429
Fox Lake,1989,495,479
Fox Lake,1987,445,455
Fox Lake,1985,457,450
Fox Lake,1983,405,428
Fox Lake,1979,675,0
Fox River Grove,2018,462,413
Fox River Grove,2016,451,449
Fox River Grove,2014,410,411
Fox River Grove,2006,422,417
Fox River Grove,2002,449,421
Fox River Grove,1999,428,424
Fox River Grove,1997,370,364
Fox River Grove,1995,359,342
Fox River Grove,1993,367,367
Fox River Grove,1991,350,352
Fox River Grove,1989,321,297
Fox River Grove,1987,228,280
Fox River Grove,1985,195,238
Fox River Grove,1983,209,203
Fox River Grove,1979,287,0
Franklin Park,2018,392,403
Franklin Park,2016,458,470
Franklin Park,2014,399,431
Franklin Park,2006,461,507
Franklin Park,2002,506,516
Franklin Park,1999,499,503
Franklin Park,1997,496,483
Franklin Park,1995,547,547
Franklin Park,1993,506,485
Franklin Park,1991,490,441
Franklin Park,1989,553,540
Franklin Park,1987,533,546
Franklin Park,1985,464,475
Franklin Park,1983,446,453
Franklin Park,1979,791,0
Galewood,2018,246,265
Galewood,2016,279,258
Galewood,2014,260,276
Galewood,2006,265,287
Galewood,2002,324,335
Galewood,1999,336,313
Galewood,1997,323,322
Galewood,1995,347,351
Galewood,1993,343,343
Galewood,1991,262,277
Galewood,1989,287,275
Galewood,1987,244,249
Galewood,1985,212,209
Galewood,1983,202,198
Galewood,1979,333,0
Gary / Chicago Airport,2006,146,151
Gary / Chicago Airport,2002,209,177
Gary / Chicago Airport,1999,164,146
Gary / Chicago Airport,1997,143,119
Gary / Chicago Airport,1989,133,165
Gary Metro Center,2006,632,654
Gary Metro Center,2002,537,518
Gary Metro Center,1999,569,544
Gary Metro Center,1997,543,587
Gary Metro Center,1989,771,817
Geneva,2018,1742,1681
Geneva,2016,1708,1838
Geneva,2014,1732,1713
Geneva,2006,1562,1517
Geneva,2002,1698,1722
Geneva,1999,1642,1657
Geneva,1997,1607,1584
Geneva,1995,1623,1604
Geneva,1993,1370,1364
Geneva,1991,1366,1382
Geneva,1989,1290,1299
Geneva,1987,1124,1134
Geneva,1985,955,978
Geneva,1983,872,928
Geneva,1979,1126,0
Givens,1983,27,44
Givens,1979,46,0
Gladstone Park,2018,180,200
Gladstone Park,2016,195,234
Gladstone Park,2014,169,184
Gladstone Park,2006,103,80
Gladstone Park,2002,124,131
Gladstone Park,1999,129,145
Gladstone Park,1997,111,118
Gladstone Park,1995,119,135
Gladstone Park,1993,138,132
Gladstone Park,1991,97,85
Gladstone Park,1989,94,92
Gladstone Park,1987,67,78
Gladstone Park,1985,81,63
Gladstone Park,1983,81,87
Gladstone Park,1979,106,0
Glen Ellyn,2018,1929,1738
Glen Ellyn,2016,1734,1841
Glen Ellyn,2014,1765,1724
Glen Ellyn,2006,1537,1487
Glen Ellyn,2002,1665,1629
Glen Ellyn,1999,1889,1899
Glen Ellyn,1997,1949,1914
Glen Ellyn,1995,1844,1828
Glen Ellyn,1993,1948,1921
Glen Ellyn,1991,2070,2045
Glen Ellyn,1989,2186,2137
Glen Ellyn,1987,2280,2144
Glen Ellyn,1985,1999,1937
Glen Ellyn,1983,1971,1951
Glen Ellyn,1979,2506,0
Glencoe,2018,732,633
Glencoe,2016,715,669
Glencoe,2014,457,475
Glencoe,2006,708,681
Glencoe,2002,724,708
Glencoe,1999,786,766
Glencoe,1997,774,754
Glencoe,1995,770,759
Glencoe,1993,789,784
Glencoe,1991,784,779
Glencoe,1989,841,813
Glencoe,1987,873,842
Glencoe,1985,809,716
Glencoe,1983,748,717
Glencoe,1979,903,0
Glenn,1989,80,90
Glenn,1987,93,99
Glenn,1985,72,78
Glenn,1983,51,60
Glenn,1979,106,0
Glenview,2018,1462,1459
Glenview,2016,1439,1374
Glenview,2014,1444,1388
Glenview,2006,1611,1510
Glenview,2002,1390,1360
Glenview,1999,1646,1571
Glenview,1997,1423,1398
Glenview,1995,1423,1404
Glenview,1993,1425,1448
Glenview,1991,1450,1397
Glenview,1989,1512,1464
Glenview,1987,1546,1490
Glenview,1985,1329,1351
Glenview,1983,1218,1181
Glenview,1979,1874,0
Golf,2018,355,278
Golf,2016,375,308
Golf,2014,201,200
Golf,2006,315,286
Golf,2002,264,248
Golf,1999,326,291
Golf,1997,309,259
Golf,1995,271,263
Golf,1993,288,256
Golf,1991,267,219
Golf,1989,158,164
Golf,1987,181,170
Golf,1985,143,151
Golf,1983,131,127
Golf,1979,227,0
Grand / Cicero,2018,80,92
Grand / Cicero,2016,96,101
Grand / Cicero,2014,106,118
Grayland,2018,357,324
Grayland,2016,339,330
Grayland,2014,314,330
Grayland,2006,318,315
Grayland,2002,282,275
Grayland,1999,263,262
Grayland,1997,213,192
Grayland,1995,207,191
Grayland,1993,198,153
Grayland,1991,119,122
Grayland,1989,94,103
Grayland,1987,83,95
Grayland,1985,109,115
Grayland,1983,78,81
Grayland,1979,171,0
Grayslake,2018,470,518
Grayslake,2016,494,474
Grayslake,2014,509,514
Grayslake,2006,772,798
Grayslake,2002,871,869
Grayslake,1999,827,844
Grayslake,1997,745,745
Grayslake,1995,691,674
Grayslake,1993,509,496
Grayslake,1991,369,353
Grayslake,1989,269,257
Grayslake,1987,294,286
Grayslake,1985,229,238
Grayslake,1983,196,196
Grayslake,1979,344,0
Great Lakes,2018,262,221
Great Lakes,2016,293,260
Great Lakes,2014,264,266
Great Lakes,2006,306,300
Great Lakes,2002,156,163
Great Lakes,1999,153,148
Great Lakes,1997,118,104
Great Lakes,1995,110,92
Great Lakes,1993,186,126
Great Lakes,1991,98,93
Great Lakes,1989,109,106
Great Lakes,1987,96,102
Great Lakes,1985,93,88
Great Lakes,1983,76,69
Great Lakes,1979,119,0
Gresham,2018,313,312
Gresham,2016,318,473
Gresham,2014,395,415
Gresham,2006,537,574
Gresham,2002,599,612
Gresham,1999,690,660
Gresham,1997,650,680
Gresham,1995,552,580
Gresham,1993,526,534
Gresham,1991,363,389
Gresham,1989,385,382
Gresham,1987,179,191
Gresham,1985,81,85
Gresham,1983,49,76
Gresham,1979,76,0
Halsted Street,2018,115,107
Halsted Street,2016,120,97
Halsted Street,2014,92,82
Halsted Street,2006,70,57
Halsted Street,2002,41,35
Halsted Street,1999,14,26
Halsted Street,1997,21,34
Halsted Street,1995,22,23
Halsted Street,1993,24,32
Halsted Street,1991,34,53
Halsted Street,1989,30,33
Halsted Street,1987,37,44
Halsted Street,1985,52,70
Halsted Street,1983,36,63
Halsted Street,1983,2,0
Halsted Street,1979,73,0
Halsted Street,1979,4,0
Hammond,2006,1307,1194
Hammond,2002,1126,1124
Hammond,1999,898,986
Hammond,1997,931,922
Hammond,1989,675,654
Hanover Park,2018,1238,1200
Hanover Park,2016,1486,1442
Hanover Park,2014,1414,1420
Hanover Park,2006,1482,1416
Hanover Park,2002,1431,1413
Hanover Park,1999,1506,1473
Hanover Park,1997,1460,1442
Hanover Park,1995,1356,1343
Hanover Park,1993,1455,1439
Hanover Park,1991,1171,1174
Hanover Park,1989,1150,1122
Hanover Park,1987,855,849
Hanover Park,1985,765,768
Hanover Park,1983,738,720
Hanover Park,1979,1329,0
Hanson Park,2018,58,60
Hanson Park,2016,60,66
Hanson Park,2014,46,52
Hanson Park,2006,54,51
Hanson Park,2002,53,61
Hanson Park,1999,54,55
Hanson Park,1997,76,75
Hanson Park,1995,53,66
Hanson Park,1993,49,41
Hanson Park,1991,63,50
Hanson Park,1989,43,38
Hanson Park,1987,42,44
Hanson Park,1985,63,69
Hanson Park,1983,54,58
Hanson Park,1979,159,0
Harlem Avenue,2018,451,383
Harlem Avenue,2016,421,377
Harlem Avenue,2014,497,436
Harlem Avenue,2006,530,470
Harlem Avenue,2002,532,500
Harlem Avenue,1999,698,584
Harlem Avenue,1997,676,637
Harlem Avenue,1995,738,671
Harlem Avenue,1993,788,698
Harlem Avenue,1991,768,727
Harlem Avenue,1989,859,748
Harlem Avenue,1987,758,686
Harlem Avenue,1985,718,564
Harlem Avenue,1983,680,591
Harlem Avenue,1979,659,0
Hartland,1983,7,5
Hartland,1979,2,0
Harvard,2018,265,236
Harvard,2016,221,234
Harvard,2014,275,208
Harvard,2006,274,280
Harvard,2002,259,263
Harvard,1999,222,226
Harvard,1997,203,220
Harvard,1995,235,229
Harvard,1993,181,186
Harvard,1991,170,172
Harvard,1989,140,148
Harvard,1987,112,156
Harvard,1985,104,105
Harvard,1983,84,101
Harvard,1979,136,0
Harvey,2018,471,496
Harvey,2016,542,573
Harvey,2014,640,744
Harvey,2006,937,955
Harvey,2002,1125,1190
Harvey,1999,1172,1151
Harvey,1997,1266,1238
Harvey,1995,1293,1273
Harvey,1993,1382,1422
Harvey,1991,1470,1442
Harvey,1989,1546,1571
Harvey,1987,1528,1521
Harvey,1985,1574,1770
Harvey,1983,1229,1393
Harvey,1979,2166,0
Hazel Crest,2018,261,238
Hazel Crest,2016,412,387
Hazel Crest,2014,379,389
Hazel Crest,2006,518,479
Hazel Crest,2002,608,618
Hazel Crest,1999,697,720
Hazel Crest,1997,675,681
Hazel Crest,1995,772,764
Hazel Crest,1993,802,790
Hazel Crest,1991,817,879
Hazel Crest,1989,779,793
Hazel Crest,1987,792,772
Hazel Crest,1985,740,749
Hazel Crest,1983,610,602
Hazel Crest,1979,809,0
Healy,2018,323,361
Healy,2016,345,370
Healy,2014,322,309
Healy,2006,342,342
Healy,2002,309,300
Healy,1999,272,262
Healy,1997,259,247
Healy,1995,252,254
Healy,1993,256,219
Healy,1991,216,205
Healy,1989,239,247
Healy,1987,227,215
Healy,1985,244,208
Healy,1983,226,215
Healy,1979,448,0
Hegewisch,2006,1449,1546
Hegewisch,2002,1526,1545
Hegewisch,1999,1757,1619
Hegewisch,1997,1775,1749
Hegewisch,1995,1778,1817
Hegewisch,1993,1720,1773
Hegewisch,1991,1520,1550
Hegewisch,1989,1607,1636
Hegewisch,1987,1742,1846
Hegewisch,1985,1407,1604
Hegewisch,1983,1042,1089
Hermosa,2006,35,38
Hermosa,2002,50,53
Hermosa,1999,44,57
Hermosa,1997,53,59
Hermosa,1995,62,60
Hermosa,1993,69,76
Hermosa,1991,74,85
Hermosa,1989,68,74
Hermosa,1987,79,72
Hermosa,1985,90,107
Hermosa,1983,101,105
Hermosa,1979,228,0
Hickory Creek,2018,1079,996
Hickory Creek,2016,999,923
Hickory Creek,2014,992,930
Hickory Creek,2006,1236,1272
Hickory Creek,2002,1135,1125
Hickory Creek,1999,943,958
Hickory Creek,1997,719,713
Hickory Creek,1995,801,782
Hickory Creek,1993,609,585
Highland Park,2018,1005,971
Highland Park,2016,978,985
Highland Park,2014,875,891
Highland Park,2006,1118,1087
Highland Park,2002,1107,1123
Highland Park,1999,1124,1110
Highland Park,1997,1133,1157
Highland Park,1995,1118,1058
Highland Park,1993,1171,1176
Highland Park,1991,1240,1182
Highland Park,1989,1166,1135
Highland Park,1987,1155,1100
Highland Park,1985,1204,1132
Highland Park,1983,970,963
Highland Park,1979,1417,0
Highlands,2018,202,177
Highlands,2016,203,207
Highlands,2014,167,197
Highlands,2006,176,186
Highlands,2002,213,196
Highlands,1999,228,204
Highlands,1997,238,238
Highlands,1995,269,237
Highlands,1993,223,219
Highlands,1991,207,212
Highlands,1989,202,223
Highlands,1987,256,253
Highlands,1985,231,207
Highlands,1983,210,219
Highlands,1979,281,0
Highwood,2018,242,224
Highwood,2016,293,283
Highwood,2014,314,254
Highwood,2006,279,263
Highwood,2002,311,286
Highwood,1999,270,266
Highwood,1997,258,250
Highwood,1995,246,245
Highwood,1993,290,255
Highwood,1991,290,256
Highwood,1989,267,258
Highwood,1987,261,250
Highwood,1985,236,213
Highwood,1983,230,209
Highwood,1979,368,0
Hinsdale,2018,1155,1082
Hinsdale,2016,1160,1110
Hinsdale,2014,1168,1135
Hinsdale,2006,1065,1001
Hinsdale,2002,1047,1067
Hinsdale,1999,1156,1141
Hinsdale,1997,1215,1186
Hinsdale,1995,1231,1205
Hinsdale,1993,1163,1124
Hinsdale,1991,1113,1084
Hinsdale,1989,1223,1186
Hinsdale,1987,1194,1138
Hinsdale,1985,1196,1115
Hinsdale,1983,1155,1096
Hinsdale,1979,1280,0
Hollywood (Zoo Stop),2018,120,104
Hollywood (Zoo Stop),2016,120,191
Hollywood (Zoo Stop),2014,95,108
Hollywood (Zoo Stop),2006,133,91
Hollywood (Zoo Stop),2002,129,100
Hollywood (Zoo Stop),1999,144,133
Hollywood (Zoo Stop),1997,133,106
Hollywood (Zoo Stop),1995,174,158
Hollywood (Zoo Stop),1993,123,107
Hollywood (Zoo Stop),1991,116,125
Hollywood (Zoo Stop),1989,160,141
Hollywood (Zoo Stop),1987,170,151
Hollywood (Zoo Stop),1985,147,182
Hollywood (Zoo Stop),1983,152,143
Hollywood (Zoo Stop),1979,207,0
Homewood,2018,1171,1143
Homewood,2016,1308,1237
Homewood,2014,1244,1316
Homewood,2006,1456,1494
Homewood,2002,1466,1401
Homewood,1999,1578,1617
Homewood,1997,1566,1566
Homewood,1995,1584,1575
Homewood,1993,1623,1622
Homewood,1991,1715,1678
Homewood,1989,1880,1851
Homewood,1987,1715,1747
Homewood,1985,1625,1625
Homewood,1983,1602,1666
Homewood,1979,2367,0
Hubbard Woods,2018,396,321
Hubbard Woods,2016,374,311
Hubbard Woods,2014,245,216
Hubbard Woods,2006,371,337
Hubbard Woods,2002,397,395
Hubbard Woods,1999,441,432
Hubbard Woods,1997,456,444
Hubbard Woods,1995,428,407
Hubbard Woods,1993,444,431
Hubbard Woods,1991,470,435
Hubbard Woods,1989,480,455
Hubbard Woods,1987,502,459
Hubbard Woods,1985,480,452
Hubbard Woods,1983,511,450
Hubbard Woods,1979,553,0
Hudson Lake,2006,5,9
Hudson Lake,2002,5,5
Hudson Lake,1999,2,5
Hudson Lake,1997,2,3
Hudson Lake,1989,1,1
Indian Hill,2018,387,376
Indian Hill,2016,382,373
Indian Hill,2014,201,171
Indian Hill,2006,362,386
Indian Hill,2002,368,358
Indian Hill,1999,378,404
Indian Hill,1997,375,377
Indian Hill,1995,372,382
Indian Hill,1993,372,345
Indian Hill,1991,396,338
Indian Hill,1989,395,356
Indian Hill,1987,407,365
Indian Hill,1985,349,321
Indian Hill,1983,356,326
Indian Hill,1979,488,0
Ingleside,2018,63,68
Ingleside,2016,74,92
Ingleside,2014,89,90
Ingleside,2006,150,140
Ingleside,2002,104,96
Ingleside,1999,75,71
Ingleside,1997,50,54
Ingleside,1995,27,27
Ingleside,1993,39,39
Ingleside,1991,48,47
Ingleside,1989,25,27
Ingleside,1987,23,25
Ingleside,1985,22,24
Ingleside,1983,15,27
Ingleside,1979,33,0
Irving Park,2018,439,662
Irving Park,2016,443,482
Irving Park,2014,474,479
Irving Park,2006,495,527
Irving Park,2002,451,405
Irving Park,1999,408,390
Irving Park,1997,376,360
Irving Park,1995,414,441
Irving Park,1993,407,401
Irving Park,1991,257,292
Irving Park,1989,248,249
Irving Park,1987,225,229
Irving Park,1985,196,193
Irving Park,1983,175,179
Irving Park,1979,345,0
Itasca,2018,555,569
Itasca,2016,601,602
Itasca,2014,564,520
Itasca,2006,546,518
Itasca,2002,518,535
Itasca,1999,642,621
Itasca,1997,609,603
Itasca,1995,546,530
Itasca,1993,501,512
Itasca,1991,497,519
Itasca,1989,491,475
Itasca,1987,481,483
Itasca,1985,565,543
Itasca,1983,444,431
Itasca,1979,655,0
Ivanhoe,2018,520,514
Ivanhoe,2016,628,591
Ivanhoe,2014,697,663
Ivanhoe,2006,945,952
Ivanhoe,2002,1153,1084
Ivanhoe,1999,1201,1199
Ivanhoe,1997,1163,1123
Ivanhoe,1995,1197,1197
Ivanhoe,1993,1286,1306
Ivanhoe,1991,1213,1246
Ivanhoe,1989,1368,1330
Ivanhoe,1987,1365,1356
Ivanhoe,1985,1570,1708
Ivanhoe,1983,1529,1600
Ivanhoe,1979,1855,0
Jefferson Park,2018,510,688
Jefferson Park,2016,656,673
Jefferson Park,2014,599,675
Jefferson Park,2006,786,751
Jefferson Park,2002,749,742
Jefferson Park,1999,719,693
Jefferson Park,1997,706,691
Jefferson Park,1995,740,754
Jefferson Park,1993,736,757
Jefferson Park,1991,583,637
Jefferson Park,1989,548,572
Jefferson Park,1987,537,580
Jefferson Park,1985,434,433
Jefferson Park,1983,441,486
Jefferson Park,1979,804,0
Joliet,2018,776,783
Joliet,2018,220,174
Joliet,2016,768,734
Joliet,2016,209,182
Joliet,2014,866,954
Joliet,2014,244,191
Joliet,2006,1353,1322
Joliet,2002,1028,993
Joliet,1999,830,801
Joliet,1997,651,651
Joliet,1995,615,587
Joliet,1993,480,477
Joliet,1991,503,535
Joliet,1989,491,504
Joliet,1987,456,451
Joliet,1985,345,482
Joliet,1983,299,278
Joliet,1979,503,0
Kedzie,2018,41,76
Kedzie,2016,52,66
Kedzie,2014,56,101
Kedzie,2006,22,42
Kedzie,2002,36,32
Kedzie,1999,18,25
Kedzie,1997,44,38
Kedzie,1995,32,37
Kedzie,1993,42,16
Kedzie,1991,44,41
Kedzie,1989,38,36
Kedzie,1987,31,47
Kedzie,1985,33,46
Kedzie,1983,42,56
Kedzie,1979,91,0
Kenilworth,2018,501,511
Kenilworth,2016,500,463
Kenilworth,2014,305,269
Kenilworth,2006,408,392
Kenilworth,2002,435,414
Kenilworth,1999,480,460
Kenilworth,1997,505,468
Kenilworth,1995,446,437
Kenilworth,1993,468,442
Kenilworth,1991,533,462
Kenilworth,1989,456,448
Kenilworth,1987,532,491
Kenilworth,1985,470,418
Kenilworth,1983,444,433
Kenilworth,1979,700,0
Kenosha,2018,345,327
Kenosha,2016,276,307
Kenosha,2014,358,415
Kenosha,2006,431,411
Kenosha,2002,341,348
Kenosha,1999,301,300
Kenosha,1997,306,316
Kenosha,1995,264,267
Kenosha,1993,308,313
Kenosha,1991,296,269
Kenosha,1989,207,208
Kenosha,1987,208,208
Kenosha,1985,169,149
Kenosha,1983,142,146
Kenosha,1979,267,0
Kensington (115th Street),2018,1136,1043
Kensington (115th Street),2016,1120,1016
Kensington (115th Street),2014,1081,1061
Kensington (115th Street),2006,1628,1557
Kensington (115th Street),2002,1352,1394
Kensington (115th Street),1999,1399,1322
Kensington (115th Street),1997,1259,1216
Kensington (115th Street),1995,1072,1048
Kensington (115th Street),1993,1148,1132
Kensington (115th Street),1991,1188,1161
Kensington (115th Street),1989,1024,1104
Kensington (115th Street),1987,862,894
Kensington (115th Street),1985,796,775
Kensington (115th Street),1983,878,810
Kensington (115th Street),1979,1079,0
La Fox,2018,295,227
La Fox,2016,276,268
La Fox,2014,313,315
La Fox,2006,261,273
LaGrange Road,2018,1452,1532
LaGrange Road,2016,1340,1452
LaGrange Road,2014,1468,1452
LaGrange Road,2006,1352,1444
LaGrange Road,2002,1353,1385
LaGrange Road,1999,1496,1466
LaGrange Road,1997,1366,1421
LaGrange Road,1995,1388,1410
LaGrange Road,1993,1360,1418
LaGrange Road,1991,1423,1476
LaGrange Road,1989,1548,1547
LaGrange Road,1987,1567,1551
LaGrange Road,1985,1529,1469
LaGrange Road,1983,1496,1413
LaGrange Road,1979,1816,0
Lake Bluff,2018,647,641
Lake Bluff,2016,681,664
Lake Bluff,2014,626,661
Lake Bluff,2006,519,502
Lake Bluff,2002,504,517
Lake Bluff,1999,420,406
Lake Bluff,1997,425,423
Lake Bluff,1995,379,372
Lake Bluff,1993,390,386
Lake Bluff,1991,357,381
Lake Bluff,1989,328,340
Lake Bluff,1987,374,348
Lake Bluff,1985,302,302
Lake Bluff,1983,307,281
Lake Bluff,1979,348,0
Lake Cook Road,2018,1086,1193
Lake Cook Road,2016,1271,1350
Lake Cook Road,2014,1263,1288
Lake Cook Road,2006,1406,1506
Lake Cook Road,2002,1154,1224
Lake Cook Road,1999,1128,1149
Lake Cook Road,1997,740,771
Lake Forest,2018,747,719
Lake Forest,2016,717,703
Lake Forest,2014,727,734
Lake Forest,2006,725,690
Lake Forest,2002,726,720
Lake Forest,1999,689,687
Lake Forest,1997,661,632
Lake Forest,1995,652,625
Lake Forest,1993,721,714
Lake Forest,1991,700,666
Lake Forest,1989,753,705
Lake Forest,1987,729,707
Lake Forest,1985,715,647
Lake Forest,1983,644,632
Lake Forest,1979,999,0
Lake Forest (West),2018,607,682
Lake Forest (West),2016,548,589
Lake Forest (West),2014,570,623
Lake Forest (West),2006,578,616
Lake Forest (West),2002,576,572
Lake Forest (West),1999,717,753
Lake Forest (West),1997,608,615
Lake Forest (West),1995,674,660
Lake Forest (West),1993,680,682
Lake Forest (West),1991,522,474
Lake Forest (West),1989,408,383
Lake Forest (West),1987,325,310
Lake Forest (West),1985,249,278
Lake Forest (West),1983,193,183
Lake Forest (West),1979,265,0
Lake Villa,2018,130,120
Lake Villa,2016,148,129
Lake Villa,2014,176,166
Lake Villa,2006,150,141
Lake Villa,2002,143,120
Lake Villa,1999,108,100
Lake Villa,1997,87,87
Laraway Road,2018,19,20
Laraway Road,2016,24,27
Laraway Road,2014,27,11
Laraway Road,2006,11,12
LaSalle Street,2018,12606,12739
LaSalle Street,2016,12656,13020
LaSalle Street,2014,13239,13203
LaSalle Street,2006,17026,17138
LaSalle Street,2002,16868,16821
LaSalle Street,1999,16336,16169
LaSalle Street,1997,15002,15032
LaSalle Street,1995,14867,14774
LaSalle Street,1993,14877,14766
LaSalle Street,1991,14730,14404
LaSalle Street,1989,15018,15039
LaSalle Street,1987,13248,13637
LaSalle Street,1985,11464,11628
LaSalle Street,1983,10286,10115
LaSalle Street,1979,12704,0
LaVergne,2018,174,184
LaVergne,2016,187,203
LaVergne,2014,191,196
LaVergne,2006,159,160
LaVergne,2002,201,185
LaVergne,1999,229,235
LaVergne,1997,221,227
LaVergne,1995,227,191
LaVergne,1993,276,246
LaVergne,1991,254,240
LaVergne,1989,289,270
LaVergne,1987,346,285
LaVergne,1985,267,239
LaVergne,1983,235,209
LaVergne,1979,271,0
Lemont,2018,455,434
Lemont,2016,489,434
Lemont,2014,456,443
Lemont,2006,381,386
Lemont,2002,407,386
Lemont,1999,341,329
Lemont,1997,252,217
Lemont,1995,247,235
Lemont,1993,216,213
Lemont,1991,245,237
Lemont,1989,239,237
Lemont,1987,239,223
Lemont,1985,171,139
Lemont,1983,130,135
Lemont,1979,122,0
Libertyville,2018,801,753
Libertyville,2016,825,825
Libertyville,2014,826,881
Libertyville,2006,1169,1131
Libertyville,2002,1119,1123
Libertyville,1999,1118,1130
Libertyville,1997,1089,1107
Libertyville,1995,1222,1230
Libertyville,1993,1228,1204
Libertyville,1991,1139,1141
Libertyville,1989,1080,1061
Libertyville,1987,1010,944
Libertyville,1985,817,845
Libertyville,1983,702,718
Libertyville,1979,1084,0
Lisle,2018,1895,1727
Lisle,2016,1789,1908
Lisle,2014,1993,2021
Lisle,2006,2472,2329
Lisle,2002,2204,2171
Lisle,1999,2576,2528
Lisle,1997,2648,2654
Lisle,1995,2390,2374
Lisle,1993,2280,2335
Lisle,1991,2227,2246
Lisle,1989,2222,2151
Lisle,1987,2150,2333
Lisle,1985,2219,2256
Lisle,1983,2330,2176
Lisle,1979,2494,0
Load between Hegewisch and Hammond,1995,4255,4165
Load between Hegewisch and Hammond,1993,4085,4257
Load between Hegewisch and Hammond,1991,4640,4760
Load between Hegewisch and Hammond,1987,3756,3503
Load between Hegewisch and Hammond,1985,3456,3387
Load between Hegewisch and Hammond,1983,3091,3102
Lockport,2018,344,327
Lockport,2016,412,385
Lockport,2014,352,377
Lockport,2006,552,509
Lockport,2002,303,323
Lockport,1999,201,202
Lockport,1997,182,140
Lockport,1995,128,119
Lockport,1993,123,123
Lockport,1991,92,92
Lockport,1989,100,97
Lockport,1987,79,93
Lockport,1985,67,59
Lockport,1983,55,60
Lockport,1979,65,0
Lockport/5th,1987,17,20
Lockport/5th,1985,14,32
Lockport/5th,1983,26,11
Lockport/5th,1979,19,0
Lombard,2018,1502,1472
Lombard,2016,1343,1391
Lombard,2014,1321,1331
Lombard,2006,1281,1322
Lombard,2002,1213,1206
Lombard,1999,1269,1277
Lombard,1997,1285,1240
Lombard,1995,1211,1225
Lombard,1993,1261,1251
Lombard,1991,1123,1140
Lombard,1989,1146,1177
Lombard,1987,1385,1397
Lombard,1985,1360,1270
Lombard,1983,1418,1317
Lombard,1979,1686,0
Long Lake,2018,93,104
Long Lake,2016,96,84
Long Lake,2014,105,90
Long Lake,2006,133,123
Long Lake,2002,102,97
Long Lake,1999,83,83
Long Lake,1997,95,95
Long Lake,1995,58,67
Long Lake,1993,73,79
Long Lake,1991,93,91
Long Lake,1989,75,67
Long Lake,1987,59,52
Long Lake,1985,62,55
Long Lake,1983,45,43
Long Lake,1979,78,0
Longwood (95th Street),2018,3,58
Longwood (95th Street),2016,60,49
Longwood (95th Street),2014,85,129
Longwood (95th Street),2006,147,139
Longwood (95th Street),2002,133,128
Longwood (95th Street),1999,140,131
Longwood (95th Street),1997,111,115
Longwood (95th Street),1995,134,138
Longwood (95th Street),1993,127,121
Longwood (95th Street),1991,120,136
Longwood (95th Street),1989,103,114
Longwood (95th Street),1987,91,104
Longwood (95th Street),1985,54,49
Longwood (95th Street),1983,27,43
Longwood (95th Street),1979,61,0
Main Street (Downers Grove),2018,2492,2562
Main Street (Downers Grove),2016,2376,2518
Main Street (Downers Grove),2014,2473,2678
Main Street (Downers Grove),2006,2328,2372
Main Street (Downers Grove),2002,2371,2282
Main Street (Downers Grove),1999,2277,2234
Main Street (Downers Grove),1997,2205,2195
Main Street (Downers Grove),1995,2023,2053
Main Street (Downers Grove),1993,2021,1997
Main Street (Downers Grove),1991,2044,2060
Main Street (Downers Grove),1989,2261,2317
Main Street (Downers Grove),1987,2090,2049
Main Street (Downers Grove),1985,2051,2001
Main Street (Downers Grove),1983,1830,1816
Main Street (Downers Grove),1979,2529,0
Main Street (Evanston),2018,1130,1023
Main Street (Evanston),2016,1133,1129
Main Street (Evanston),2014,1093,1143
Main Street (Evanston),2006,869,873
Main Street (Evanston),2002,769,739
Main Street (Evanston),1999,933,930
Main Street (Evanston),1997,756,718
Main Street (Evanston),1995,773,712
Main Street (Evanston),1993,726,773
Main Street (Evanston),1991,820,858
Main Street (Evanston),1989,697,731
Main Street (Evanston),1987,667,658
Main Street (Evanston),1985,556,580
Main Street (Evanston),1983,481,529
Main Street (Evanston),1979,845,0
Manhattan,2018,19,18
Manhattan,2016,22,18
Manhattan,2014,29,23
Manhattan,2006,22,27
Mannheim,2018,35,47
Mannheim,2016,31,23
Mannheim,2014,30,12
Mannheim,2006,37,17
Mannheim,2002,13,14
Mannheim,1999,39,42
Mannheim,1997,32,37
Mannheim,1995,27,21
Mannheim,1993,48,68
Mannheim,1991,48,46
Mannheim,1989,38,36
Mannheim,1987,31,48
Mannheim,1985,45,49
Mannheim,1983,49,51
Mannheim,1979,68,0
Mars,2018,144,117
Mars,2016,142,110
Mars,2014,115,104
Mars,2006,110,102
Mars,2002,109,108
Mars,1999,128,111
Mars,1997,117,110
Mars,1995,132,131
Mars,1993,129,131
Mars,1991,117,129
Mars,1989,117,115
Mars,1987,114,94
Mars,1985,80,72
Mars,1983,75,77
Mars,1979,158,0
Matteson,2018,591,597
Matteson,2016,507,450
Matteson,2014,592,549
Matteson,2006,879,849
Matteson,2002,922,935
Matteson,1999,975,945
Matteson,1997,907,927
Matteson,1995,937,949
Matteson,1993,1079,1045
Matteson,1991,1068,1078
Matteson,1989,1372,1316
Matteson,1987,1492,1360
Matteson,1985,1295,1188
Matteson,1983,1080,910
Matteson,1979,1057,0
Mayfair,2018,281,307
Mayfair,2016,284,292
Mayfair,2014,340,346
Mayfair,2006,317,340
Mayfair,2002,254,265
Mayfair,1999,239,227
Mayfair,1997,154,176
Mayfair,1995,136,145
Mayfair,1993,136,121
Mayfair,1991,109,109
Mayfair,1989,72,98
Mayfair,1987,78,105
Mayfair,1985,66,74
Mayfair,1983,53,66
Mayfair,1979,135,0
Maywood,2018,87,69
Maywood,2016,82,70
Maywood,2014,81,82
Maywood,2006,97,93
Maywood,2002,93,99
Maywood,1999,84,89
Maywood,1997,95,95
Maywood,1995,132,131
Maywood,1993,117,123
Maywood,1991,88,91
Maywood,1989,73,79
Maywood,1987,115,111
Maywood,1985,96,94
Maywood,1983,87,71
Maywood,1979,117,0
McCormick Place,2018,124,145
McCormick Place,2016,108,115
McCormick Place,2014,92,85
McCormick Place,2006,137,149
McCormick Place,2002,118,125
McCormick Place,1999,750,603
McCormick Place,1997,1000,528
McCormick Place,1995,85,86
McCormick Place,1993,113,89
McCormick Place,1991,139,152
McCormick Place,1989,140,169
McCormick Place,1987,175,129
McCormick Place,1985,199,208
McCormick Place,1983,171,222
McCormick Place,1979,333,0
McHenry,2018,85,91
McHenry,2016,96,80
McHenry,2014,114,103
McHenry,2006,101,94
McHenry,2002,140,122
McHenry,1999,159,164
McHenry,1997,154,137
McHenry,1995,162,143
McHenry,1993,179,146
McHenry,1991,131,125
McHenry,1989,115,111
McHenry,1987,199,124
McHenry,1985,74,84
McHenry,1983,101,101
McHenry,1979,164,0
Medinah,2018,439,455
Medinah,2016,573,507
Medinah,2014,520,476
Medinah,2006,501,464
Medinah,2002,399,417
Medinah,1999,529,479
Medinah,1997,516,498
Medinah,1995,407,386
Medinah,1993,274,282
Medinah,1991,276,267
Medinah,1989,249,259
Medinah,1987,265,298
Medinah,1985,215,283
Medinah,1983,194,275
Medinah,1979,294,0
Melrose Park,2018,86,107
Melrose Park,2016,87,105
Melrose Park,2014,103,121
Melrose Park,2006,100,95
Melrose Park,2002,109,105
Melrose Park,1999,149,147
Melrose Park,1997,117,110
Melrose Park,1995,168,162
Melrose Park,1993,166,149
Melrose Park,1991,112,124
Melrose Park,1989,146,131
Melrose Park,1987,143,135
Melrose Park,1985,112,137
Melrose Park,1983,101,120
Melrose Park,1979,173,0
Midlothian,2018,938,890
Midlothian,2016,1015,1039
Midlothian,2014,950,964
Midlothian,2006,1230,1302
Midlothian,2002,1179,1217
Midlothian,1999,1144,1129
Midlothian,1997,1135,1145
Midlothian,1995,1262,1212
Midlothian,1993,1183,1210
Midlothian,1991,1218,1322
Midlothian,1989,1194,1215
Midlothian,1987,1133,1129
Midlothian,1985,1025,947
Midlothian,1983,864,865
Midlothian,1979,894,0
Millennium Station,2018,9292,8755
Millennium Station,2016,9798,9310
Millennium Station,2014,10353,9599
Millennium Station,2006,18247,16320
Millennium Station,2002,17896,16077
Millennium Station,1999,18605,17045
Millennium Station,1997,18504,17415
Millennium Station,1995,18242,16625
Millennium Station,1993,18589,16619
Millennium Station,1991,19727,17689
Millennium Station,1989,19399,18413
Millennium Station,1987,17509,16020
Millennium Station,1985,17815,15741
Millennium Station,1983,15292,12813
Millennium Station,1979,16519,0
Miller,2006,520,463
Miller,2002,449,426
Miller,1999,412,408
Miller,1997,368,399
Miller,1989,303,304
Mokena,2018,559,557
Mokena,2016,604,577
Mokena,2014,572,539
Mokena,2006,634,647
Mokena,2002,728,681
Mokena,1999,655,627
Mokena,1997,606,615
Mokena,1995,524,514
Mokena,1993,488,501
Mokena,1991,624,609
Mokena,1989,561,566
Mokena,1987,504,459
Mokena,1985,371,356
Mokena,1983,382,370
Mokena,1979,371,0
Mont Clare,2018,303,311
Mont Clare,2016,335,351
Mont Clare,2014,291,322
Mont Clare,2006,361,376
Mont Clare,2002,393,418
Mont Clare,1999,440,434
Mont Clare,1997,467,472
Mont Clare,1995,478,497
Mont Clare,1993,548,498
Mont Clare,1991,474,470
Mont Clare,1989,464,478
Mont Clare,1987,427,464
Mont Clare,1985,313,319
Mont Clare,1983,314,349
Mont Clare,1979,439,0
Morton Grove,2018,967,946
Morton Grove,2016,969,996
Morton Grove,2014,1054,978
Morton Grove,2006,966,965
Morton Grove,2002,943,900
Morton Grove,1999,989,991
Morton Grove,1997,825,823
Morton Grove,1995,772,762
Morton Grove,1993,710,705
Morton Grove,1991,672,701
Morton Grove,1989,539,536
Morton Grove,1987,583,571
Morton Grove,1985,538,499
Morton Grove,1983,451,443
Morton Grove,1979,752,0
Mount Prospect,2018,1879,1782
Mount Prospect,2016,1816,1883
Mount Prospect,2014,1774,1743
Mount Prospect,2006,1590,1569
Mount Prospect,2002,1655,1618
Mount Prospect,1999,1804,1793
Mount Prospect,1997,1754,1727
Mount Prospect,1995,1899,1907
Mount Prospect,1993,2055,2056
Mount Prospect,1991,2073,2077
Mount Prospect,1989,2147,2084
Mount Prospect,1987,2253,2243
Mount Prospect,1985,2220,2091
Mount Prospect,1983,2146,2134
Mount Prospect,1979,2933,0
Mundelein,2018,276,294
Mundelein,2016,277,265
Mundelein,2014,304,290
Mundelein,2006,283,261
Mundelein,2002,235,227
Mundelein,1999,227,221
Mundelein,1997,223,213
Naperville,2018,4015,3726
Naperville,2016,4107,4209
Naperville,2014,4002,4099
Naperville,2006,4112,4065
Naperville,2002,3734,3784
Naperville,1999,4040,3857
Naperville,1997,3516,3567
Naperville,1995,3271,3228
Naperville,1993,3196,3149
Naperville,1991,3150,3311
Naperville,1989,3510,3485
Naperville,1987,3791,3664
Naperville,1985,3251,3177
Naperville,1983,2571,2399
Naperville,1979,3033,0
National Street,2018,584,581
National Street,2016,642,674
National Street,2014,700,657
National Street,2006,742,746
National Street,2002,551,537
National Street,1999,618,588
National Street,1997,559,554
National Street,1995,562,548
National Street,1993,439,414
National Street,1991,421,430
National Street,1989,255,279
National Street,1987,183,206
National Street,1985,222,227
National Street,1983,132,143
National Street,1979,362,0
New Lenox,2018,1046,1035
New Lenox,2016,1115,954
New Lenox,2014,1146,1100
New Lenox,2006,1348,1321
New Lenox,2002,1076,1028
New Lenox,1999,897,905
New Lenox,1997,861,848
New Lenox,1995,823,817
New Lenox,1993,732,702
New Lenox,1991,646,651
New Lenox,1989,605,614
New Lenox,1987,562,515
New Lenox,1985,360,360
New Lenox,1983,301,292
New Lenox,1979,313,0
North Chicago,2018,170,177
North Chicago,2016,170,188
North Chicago,2014,232,218
North Chicago,2006,191,177
North Chicago,2002,190,208
North Chicago,1999,200,200
North Chicago,1997,220,216
North Chicago,1995,192,187
North Chicago,1993,139,149
North Chicago,1991,165,185
North Chicago,1989,179,179
North Chicago,1987,145,148
North Chicago,1985,158,178
North Chicago,1983,175,161
North Chicago,1979,227,0
North Glenview,2018,1163,1124
North Glenview,2016,1070,1113
North Glenview,2014,1097,1120
North Glenview,2006,770,813
North Glenview,2002,448,424
Northbrook,2018,1259,1271
Northbrook,2016,1392,1270
Northbrook,2014,1334,1273
Northbrook,2006,1323,1262
Northbrook,2002,1349,1257
Northbrook,1999,1505,1477
Northbrook,1997,1459,1435
Northbrook,1995,1546,1541
Northbrook,1993,1612,1571
Northbrook,1991,1458,1455
Northbrook,1989,1430,1371
Northbrook,1987,1361,1247
Northbrook,1985,1406,1354
Northbrook,1983,1213,1243
Northbrook,1979,1681,0
Norwood Park,2018,365,374
Norwood Park,2016,359,311
Norwood Park,2014,350,346
Norwood Park,2006,289,332
Norwood Park,2002,269,262
Norwood Park,1999,329,298
Norwood Park,1997,273,276
Norwood Park,1995,320,328
Norwood Park,1993,307,318
Norwood Park,1991,239,242
Norwood Park,1989,244,233
Norwood Park,1987,170,207
Norwood Park,1985,195,193
Norwood Park,1983,218,215
Norwood Park,1979,458,0
Oak Forest,2018,1091,996
Oak Forest,2016,1136,967
Oak Forest,2014,1141,1151
Oak Forest,2006,1487,1390
Oak Forest,2002,1591,1569
Oak Forest,1999,1672,1628
Oak Forest,1997,1594,1575
Oak Forest,1995,1508,1468
Oak Forest,1993,1422,1447
Oak Forest,1991,1447,1472
Oak Forest,1989,1495,1479
Oak Forest,1987,1570,1530
Oak Forest,1985,1299,1263
Oak Forest,1983,1019,1076
Oak Forest,1979,1138,0
Oak Lawn,2018,1186,1248
Oak Lawn,2016,1329,1329
Oak Lawn,2014,1246,1266
Oak Lawn,2006,1157,1121
Oak Lawn,2002,788,819
Oak Lawn,1999,756,842
Oak Lawn,1997,701,716
Oak Lawn,1995,713,754
Oak Lawn,1993,727,717
Oak Lawn,1991,793,802
Oak Lawn,1989,813,846
Oak Lawn,1987,704,718
Oak Lawn,1985,486,477
Oak Lawn,1983,443,435
Oak Lawn,1979,605,0
Oak Park (Marion Street),2018,991,1106
Oak Park (Marion Street),2016,905,1148
Oak Park (Marion Street),2014,1129,1213
Oak Park (Marion Street),2006,1025,1082
Oak Park (Marion Street),2002,960,1020
Oak Park (Marion Street),1999,1038,1133
Oak Park (Marion Street),1997,1237,1284
Oak Park (Marion Street),1995,1910,1940
Oak Park (Marion Street),1993,1307,1321
Oak Park (Marion Street),1991,1032,1084
Oak Park (Marion Street),1989,841,1052
Oak Park (Marion Street),1987,566,656
Oak Park (Marion Street),1985,374,535
Oak Park (Marion Street),1983,344,430
Oak Park (Marion Street),1979,479,0
Ogden Dunes,2006,217,249
Ogden Dunes,2002,218,216
Ogden Dunes,1999,225,260
Ogden Dunes,1997,244,267
Ogden Dunes,1989,241,212
Ogilvie Transportation Center,2018,42500,43796
Ogilvie Transportation Center,2016,42412,42120
Ogilvie Transportation Center,2014,39552,40254
Ogilvie Transportation Center,2006,37564,37783
Ogilvie Transportation Center,2002,36731,36827
Ogilvie Transportation Center,1999,39195,39106
Ogilvie Transportation Center,1997,38737,38948
Ogilvie Transportation Center,1995,39708,39929
Ogilvie Transportation Center,1993,39963,40185
Ogilvie Transportation Center,1991,39145,39011
Ogilvie Transportation Center,1989,38730,39133
Ogilvie Transportation Center,1987,37522,38425
Ogilvie Transportation Center,1985,33259,34143
Ogilvie Transportation Center,1983,32943,33482
Ogilvie Transportation Center,1979,44694,0
O'Hare Transfer,2018,113,128
O'Hare Transfer,2016,123,158
O'Hare Transfer,2014,144,171
O'Hare Transfer,2006,106,141
O'Hare Transfer,2002,55,74
O'Hare Transfer,1999,83,91
O'Hare Transfer,1997,68,71
Olympia Fields,2018,679,695
Olympia Fields,2016,643,665
Olympia Fields,2014,665,614
Olympia Fields,2006,473,452
Olympia Fields,2002,186,219
Olympia Fields,1999,204,219
Olympia Fields,1997,206,214
Olympia Fields,1995,255,243
Olympia Fields,1993,243,223
Olympia Fields,1991,247,278
Olympia Fields,1989,310,335
Olympia Fields,1987,338,351
Olympia Fields,1985,405,380
Olympia Fields,1983,265,273
Olympia Fields,1979,280,0
Palatine,2018,2482,2367
Palatine,2016,2378,2364
Palatine,2014,2334,2307
Palatine,2006,2105,2035
Palatine,2002,1894,1874
Palatine,1999,2091,2075
Palatine,1997,2092,2077
Palatine,1995,1957,1928
Palatine,1993,2092,2046
Palatine,1991,2010,1994
Palatine,1989,2104,2042
Palatine,1987,1919,1837
Palatine,1985,1586,1541
Palatine,1983,1632,1543
Palatine,1979,2343,0
Palos Heights,2018,232,241
Palos Heights,2016,238,230
Palos Heights,2014,254,246
Palos Heights,2006,281,263
Palos Park,2018,424,423
Palos Park,2016,432,430
Palos Park,2014,418,435
Palos Park,2006,387,364
Palos Park,2002,214,211
Palos Park,1999,273,247
Palos Park,1997,204,208
Palos Park,1995,213,211
Palos Park,1993,190,196
Palos Park,1991,188,194
Palos Park,1989,223,193
Palos Park,1987,151,137
Palos Park,1985,111,98
Palos Park,1983,63,62
Palos Park,1979,111,0
Park Ridge,2018,1168,1185
Park Ridge,2016,1043,1066
Park Ridge,2014,954,933
Park Ridge,2006,897,854
Park Ridge,2002,932,874
Park Ridge,1999,922,928
Park Ridge,1997,874,855
Park Ridge,1995,820,796
Park Ridge,1993,900,882
Park Ridge,1991,818,831
Park Ridge,1989,917,865
Park Ridge,1987,801,761
Park Ridge,1985,850,772
Park Ridge,1983,908,859
Park Ridge,1979,1639,0
Pingree Rd.,2018,707,718
Pingree Rd.,2016,751,760
Pingree Rd.,2014,744,697
Pingree Rd.,2006,581,601
Prairie Crossing,2018,368,397
Prairie Crossing,2016,422,436
Prairie Crossing,2014,451,468
Prairie Crossing,2006,344,363
Prairie Crossing (Libertyville),2018,87,113
Prairie Crossing (Libertyville),2016,102,108
Prairie Crossing (Libertyville),2014,125,138
Prairie Crossing (Libertyville),2006,117,85
Prairie Crossing (Libertyville),2002,76,81
Prairie Crossing (Libertyville),1999,54,54
Prairie Crossing (Libertyville),1997,38,40
Prairie Street,2018,30,24
Prairie Street,2016,20,37
Prairie Street,2014,46,34
Prairie Street,2006,44,45
Prairie Street,2002,43,56
Prairie Street,1999,41,45
Prairie Street,1997,59,53
Prairie Street,1995,65,63
Prairie Street,1993,70,70
Prairie Street,1991,85,73
Prairie Street,1989,91,102
Prairie Street,1987,90,90
Prairie Street,1985,82,80
Prairie Street,1983,79,87
Prairie Street,1979,113,0
Prairie View,2018,415,437
Prairie View,2016,388,376
Prairie View,2014,345,362
Prairie View,2006,299,258
Prairie View,2002,255,239
Prairie View,1999,232,238
Prairie View,1997,217,210
Prospect Heights,2018,304,272
Prospect Heights,2016,266,282
Prospect Heights,2014,277,302
Prospect Heights,2006,245,266
Prospect Heights,2002,240,193
Prospect Heights,1999,228,216
Prospect Heights,1997,192,195
Racine Avenue,2018,28,24
Racine Avenue,2016,31,37
Racine Avenue,2014,33,27
Racine Avenue,2006,53,76
Racine Avenue,2002,43,41
Racine Avenue,1999,84,89
Racine Avenue,1997,85,84
Racine Avenue,1995,76,69
Racine Avenue,1993,64,66
Racine Avenue,1991,63,85
Racine Avenue,1989,71,61
Racine Avenue,1987,42,37
Racine Avenue,1985,32,48
Racine Avenue,1983,41,32
Racine Avenue,1979,98,0
Ravenswood,2018,2630,2545
Ravenswood,2016,2721,2752
Ravenswood,2014,2363,2089
Ravenswood,2006,1940,1811
Ravenswood,2002,1455,1373
Ravenswood,1999,1246,1194
Ravenswood,1997,914,844
Ravenswood,1995,878,789
Ravenswood,1993,747,688
Ravenswood,1991,663,593
Ravenswood,1989,562,564
Ravenswood,1987,511,431
Ravenswood,1985,353,311
Ravenswood,1983,307,305
Ravenswood,1979,562,0
Ravinia,2018,326,249
Ravinia,2016,295,305
Ravinia,2014,238,212
Ravinia,2006,332,319
Ravinia,2002,330,333
Ravinia,1999,347,348
Ravinia,1997,362,362
Ravinia,1995,416,390
Ravinia,1993,327,299
Ravinia,1991,346,288
Ravinia,1989,386,371
Ravinia,1987,366,345
Ravinia,1985,339,310
Ravinia,1983,366,292
Ravinia,1979,432,0
Richmond,1979,9,0
Richton Park,2018,1059,915
Richton Park,2016,1179,1146
Richton Park,2014,1315,1172
Richton Park,2006,1625,1686
Richton Park,2002,1579,1587
Richton Park,1999,1665,1648
Richton Park,1997,1716,1726
Richton Park,1995,1651,1631
Richton Park,1993,1685,1637
Richton Park,1991,1607,1609
Richton Park,1989,1680,1522
Richton Park,1987,1619,1548
Richton Park,1985,1586,1404
Richton Park,1983,1140,1247
Richton Park,1979,1690,0
Ringwood,1979,8,0
River Forest,2018,448,441
River Forest,2016,438,532
River Forest,2014,434,366
River Forest,2006,367,363
River Forest,2002,390,374
River Forest,1999,406,411
River Forest,1997,375,370
River Forest,1995,407,423
River Forest,1993,327,361
River Forest,1991,292,296
River Forest,1989,270,300
River Forest,1987,192,191
River Forest,1985,146,84
River Forest,1983,127,104
River Forest,1979,131,0
River Grove,2018,333,282
River Grove,2016,316,287
River Grove,2014,310,298
River Grove,2006,298,288
River Grove,2002,336,332
River Grove,1999,360,340
River Grove,1997,324,350
River Grove,1995,285,293
River Grove,1993,244,251
River Grove,1991,244,234
River Grove,1989,238,229
River Grove,1987,222,224
River Grove,1985,254,246
River Grove,1983,222,198
River Grove,1979,382,0
Riverdale,2018,146,162
Riverdale,2016,180,195
Riverdale,2014,201,215
Riverdale,2006,397,394
Riverdale,2002,500,495
Riverdale,1999,580,548
Riverdale,1997,533,522
Riverdale,1995,568,563
Riverdale,1993,604,633
Riverdale,1991,602,622
Riverdale,1989,661,661
Riverdale,1987,698,722
Riverdale,1985,794,841
Riverdale,1983,747,780
Riverdale,1979,935,0
Riverside,2018,493,574
Riverside,2016,499,574
Riverside,2014,501,608
Riverside,2006,416,574
Riverside,2002,438,562
Riverside,1999,466,542
Riverside,1997,492,482
Riverside,1995,482,471
Riverside,1993,490,528
Riverside,1991,468,485
Riverside,1989,583,584
Riverside,1987,510,521
Riverside,1985,570,562
Riverside,1983,531,517
Riverside,1979,658,0
Robbins,2018,65,137
Robbins,2016,89,122
Robbins,2014,77,89
Robbins,2006,152,167
Robbins,2002,113,126
Robbins,1999,94,96
Robbins,1997,119,143
Robbins,1995,142,125
Robbins,1993,135,122
Robbins,1991,111,105
Robbins,1989,72,76
Robbins,1987,53,107
Robbins,1985,60,49
Robbins,1983,27,36
Robbins,1979,48,0
Rogers Park,2018,1393,1261
Rogers Park,2016,1389,1220
Rogers Park,2014,1498,1273
Rogers Park,2006,1176,1122
Rogers Park,2002,973,861
Rogers Park,1999,1072,1030
Rogers Park,1997,977,908
Rogers Park,1995,877,824
Rogers Park,1993,924,860
Rogers Park,1991,881,865
Rogers Park,1989,742,687
Rogers Park,1987,611,685
Rogers Park,1985,511,488
Rogers Park,1983,464,468
Rogers Park,1979,724,0
Rolling Prairie,1989,1,1
Romeoville,2018,148,144
Rondout,1983,17,17
Rondout,1979,36,0
Museum Campus/11th St,2018,370,477
Museum Campus/11th St,2016,484,628
Museum Campus/11th St,2014,429,571
Museum Campus/11th St,2006,583,916
Museum Campus/11th St,2002,413,668
Museum Campus/11th St,1999,579,609
Museum Campus/11th St,1997,433,566
Museum Campus/11th St,1995,420,513
Museum Campus/11th St,1993,475,550
Museum Campus/11th St,1991,335,609
Museum Campus/11th St,1989,297,600
Museum Campus/11th St,1987,302,457
Museum Campus/11th St,1985,525,485
Museum Campus/11th St,1983,410,484
Museum Campus/11th St,1979,649,0
Roselle,2018,1448,1369
Roselle,2016,1455,1409
Roselle,2014,1277,1361
Roselle,2006,1500,1484
Roselle,2002,1298,1325
Roselle,1999,1617,1672
Roselle,1997,1628,1645
Roselle,1995,1620,1643
Roselle,1993,1797,1805
Roselle,1991,1760,1729
Roselle,1989,1827,1824
Roselle,1987,1736,1795
Roselle,1985,1621,1619
Roselle,1983,1455,1362
Roselle,1979,2571,0
Rosemont,2018,27,28
Rosemont,2016,35,33
Rosemont,2014,33,36
Rosemont,2006,23,32
Round Lake,2018,395,406
Round Lake,2016,417,337
Round Lake,2014,513,471
Round Lake,2006,710,660
Round Lake,2002,566,550
Round Lake,1999,534,517
Round Lake,1997,498,486
Round Lake,1995,487,471
Round Lake,1993,428,433
Round Lake,1991,371,385
Round Lake,1989,406,407
Round Lake,1987,356,358
Round Lake,1985,333,330
Round Lake,1983,317,329
Round Lake,1979,518,0
Round Lake Beach,2018,111,91
Round Lake Beach,2016,115,111
Round Lake Beach,2014,157,155
Round Lake Beach,2006,154,147
Round Lake Beach,2002,157,141
Round Lake Beach,1999,130,127
Round Lake Beach,1997,111,98
Route 59,2018,6339,6103
Route 59,2016,5781,5547
Route 59,2014,5874,5363
Route 59,2006,5793,6094
Route 59,2002,5001,4976
Route 59,1999,4178,4071
Route 59,1997,3322,3211
Route 59,1995,2556,2538
Route 59,1993,2011,2001
Route 59,1991,1740,1728
Route 59,1989,1112,1129
Schaumburg,2018,1583,1563
Schaumburg,2016,1727,1735
Schaumburg,2014,1737,1771
Schaumburg,2006,1698,1663
Schaumburg,2002,1609,1634
Schaumburg,1999,1733,1673
Schaumburg,1997,1647,1618
Schaumburg,1995,1569,1581
Schaumburg,1993,1363,1338
Schaumburg,1991,1238,1254
Schaumburg,1989,1147,1124
Schaumburg,1987,961,950
Schaumburg,1985,693,648
Schaumburg,1983,480,494
Schiller Park,2018,41,48
Schiller Park,2016,36,31
Schiller Park,2014,29,33
Schiller Park,2006,29,22
Solon Mills,1979,3,0
South Bend Airport,2006,172,163
South Bend Airport,2002,105,102
South Bend Airport,1999,133,92
South Bend Airport,1997,104,98
South Bend Airport,1989,79,73
South Shore,2018,121,111
South Shore,2016,182,142
South Shore,2014,179,164
South Shore,2006,278,255
South Shore,2002,428,431
South Shore,1999,442,454
South Shore,1997,445,451
South Shore,1995,395,396
South Shore,1993,414,375
South Shore,1991,458,429
South Shore,1989,372,392
South Shore,1987,338,346
South Shore,1985,387,393
South Shore,1983,349,379
South Shore,1979,448,0
Spring Grove,1979,2,0
State Street,2018,41,33
State Street,2016,30,32
State Street,2014,54,46
State Street,2006,85,84
State Street,2002,72,67
State Street,1999,103,87
State Street,1997,94,83
State Street,1995,86,73
State Street,1993,87,86
State Street,1991,104,89
State Street,1989,81,55
State Street,1987,91,80
State Street,1985,81,70
State Street,1983,51,66
State Street,1979,129,0
Stewart Ridge,2018,19,20
Stewart Ridge,2016,36,28
Stewart Ridge,2014,37,38
Stewart Ridge,2006,61,55
Stewart Ridge,2002,75,56
Stewart Ridge,1999,89,81
Stewart Ridge,1997,84,71
Stewart Ridge,1995,68,60
Stewart Ridge,1993,67,70
Stewart Ridge,1991,86,52
Stewart Ridge,1989,90,73
Stewart Ridge,1987,64,51
Stewart Ridge,1985,68,71
Stewart Ridge,1983,48,48
Stewart Ridge,1979,121,0
Stone Avenue (LaGrange),2018,946,822
Stone Avenue (LaGrange),2016,1046,864
Stone Avenue (LaGrange),2014,1026,905
Stone Avenue (LaGrange),2006,988,866
Stone Avenue (LaGrange),2002,999,894
Stone Avenue (LaGrange),1999,1123,1032
Stone Avenue (LaGrange),1997,1153,1057
Stone Avenue (LaGrange),1995,1090,1022
Stone Avenue (LaGrange),1993,1078,1013
Stone Avenue (LaGrange),1991,1171,1045
Stone Avenue (LaGrange),1989,1101,994
Stone Avenue (LaGrange),1987,1089,961
Stone Avenue (LaGrange),1985,985,1014
Stone Avenue (LaGrange),1983,1017,978
Stone Avenue (LaGrange),1979,1334,0
Stony Island,2018,99,86
Stony Island,2016,109,141
Stony Island,2014,161,135
Stony Island,2006,197,213
Stony Island,2002,236,229
Stony Island,1999,235,246
Stony Island,1997,221,246
Stony Island,1995,201,195
Stony Island,1993,210,200
Stony Island,1991,263,230
Stony Island,1989,247,288
Stony Island,1987,192,186
Stony Island,1985,182,240
Stony Island,1983,175,165
Stony Island,1979,160,0
Summit,2018,101,103
Summit,2016,100,104
Summit,2014,86,78
Summit,2006,64,80
Summit,2002,79,82
Summit,1999,66,76
Summit,1997,62,56
Summit,1995,74,79
Summit,1993,123,130
Summit,1991,144,160
Summit,1989,109,108
Summit,1987,107,94
Summit,1985,73,76
Summit,1983,44,54
Summit,1979,58,0
Tinley Park,2018,917,954
Tinley Park,2016,1060,959
Tinley Park,2014,983,1042
Tinley Park,2006,1232,1230
Tinley Park,2002,1193,1217
Tinley Park,1999,1247,1268
Tinley Park,1997,1169,1156
Tinley Park,1995,1331,1336
Tinley Park,1993,1350,1338
Tinley Park,1991,1356,1420
Tinley Park,1989,1397,1350
Tinley Park,1987,1106,1109
Tinley Park,1985,967,964
Tinley Park,1983,910,887
Tinley Park,1979,1213,0
Union Station,2018,54882,55979
Union Station,2016,55494,55565
Union Station,2014,54422,55098
Union Station,2006,54388,54292
Union Station,2002,49883,50337
Union Station,1999,51221,52181
Union Station,1997,48579,48930
Union Station,1995,45307,45732
Union Station,1993,43920,44090
Union Station,1991,42301,42054
Union Station,1989,42409,42471
Union Station,1987,39510,40140
Union Station,1985,35968,36783
Union Station,1983,32834,33444
Union Station,1979,43231,0
University Park,2018,808,777
University Park,2016,907,828
University Park,2014,939,935
University Park,2006,1243,1217
University Park,2002,1004,979
University Park,1999,1009,1017
University Park,1997,851,861
University Park,1995,912,924
University Park,1993,772,781
University Park,1991,790,816
University Park,1989,782,761
University Park,1987,628,629
University Park,1985,475,564
University Park,1983,411,457
University Park,1979,711,0
Van Buren Street,2018,2734,3493
Van Buren Street,2016,3141,3893
Van Buren Street,2014,3422,4268
Van Buren Street,2006,6110,8247
Van Buren Street,2002,6896,8583
Van Buren Street,1999,7710,9628
Van Buren Street,1997,7231,8905
Van Buren Street,1995,6928,8507
Van Buren Street,1993,7064,8654
Van Buren Street,1991,6968,8313
Van Buren Street,1989,7642,8475
Van Buren Street,1987,7261,8908
Van Buren Street,1985,6522,7751
Van Buren Street,1983,5866,7444
Van Buren Street,1979,6942,0
Vernon Hills,2018,409,365
Vernon Hills,2016,370,384
Vernon Hills,2014,435,436
Vernon Hills,2006,353,335
Vernon Hills,2002,284,256
Vernon Hills,1999,272,249
Vernon Hills,1997,231,226
Villa Park,2018,870,852
Villa Park,2016,828,825
Villa Park,2014,841,898
Villa Park,2006,835,831
Villa Park,2002,914,896
Villa Park,1999,949,950
Villa Park,1997,1015,1003
Villa Park,1995,973,982
Villa Park,1993,1055,1037
Villa Park,1991,1138,1142
Villa Park,1989,1219,1228
Villa Park,1987,1328,1272
Villa Park,1985,1206,1265
Villa Park,1983,1289,1249
Villa Park,1979,1562,0
"Walworth, Wisconsin",1979,12,0
Washington Heights,2018,101,123
Washington Heights,2016,107,137
Washington Heights,2014,168,161
Washington Heights,2002,249,286
Washington Heights,1999,220,241
Washington Heights,1997,198,207
Washington Heights,1995,197,207
Washington Heights,1993,217,243
Washington Heights,1991,216,197
Washington Heights,1989,138,190
Washington Heights,1987,95,136
Washington Heights,1985,74,89
Washington Heights,1983,80,60
Washington Heights,1979,61,0
Washington St,2018,86,84
Washington St,2016,110,95
Washington St,2014,122,108
Washington St,2006,109,112
Waukegan,2018,764,737
Waukegan,2016,911,796
Waukegan,2014,910,926
Waukegan,2006,1030,1014
Waukegan,2002,893,924
Waukegan,1999,925,919
Waukegan,1997,806,810
Waukegan,1995,841,876
Waukegan,1993,752,754
Waukegan,1991,780,763
Waukegan,1989,694,682
Waukegan,1987,644,649
Waukegan,1985,614,630
Waukegan,1983,553,577
Waukegan,1979,876,0
West Chicago,2018,586,589
West Chicago,2016,527,556
West Chicago,2014,576,583
West Chicago,2006,588,588
West Chicago,2002,585,584
West Chicago,1999,499,505
West Chicago,1997,518,526
West Chicago,1995,520,510
West Chicago,1993,495,510
West Chicago,1991,485,493
West Chicago,1989,464,471
West Chicago,1987,474,504
West Chicago,1985,386,359
West Chicago,1983,371,383
West Chicago,1979,499,0
West Hinsdale,2018,306,306
West Hinsdale,2016,376,304
West Hinsdale,2014,351,281
West Hinsdale,2006,323,272
West Hinsdale,2002,317,262
West Hinsdale,1999,378,338
West Hinsdale,1997,374,318
West Hinsdale,1995,409,356
West Hinsdale,1993,367,315
West Hinsdale,1991,340,331
West Hinsdale,1989,439,377
West Hinsdale,1987,468,397
West Hinsdale,1985,411,408
West Hinsdale,1983,338,355
West Hinsdale,1979,393,0
West Pullman,2018,13,9
West Pullman,2016,22,19
West Pullman,2014,21,32
West Pullman,2006,24,36
West Pullman,2002,34,33
West Pullman,1999,69,57
West Pullman,1997,43,45
West Pullman,1995,57,53
West Pullman,1993,46,43
West Pullman,1991,56,48
West Pullman,1989,36,40
West Pullman,1987,44,67
West Pullman,1985,66,66
West Pullman,1983,57,51
West Pullman,1979,121,0
Western Avenue,1983,19,21
Western Avenue,1979,16,0
Western Avenue (18th),2018,57,73
Western Avenue (18th),2016,69,77
Western Avenue (18th),2014,78,108
Western Avenue (18th),2006,110,117
Western Avenue (18th),2002,77,77
Western Avenue (18th),1999,92,75
Western Avenue (18th),1997,94,81
Western Avenue (18th),1995,92,88
Western Avenue (18th),1993,80,82
Western Avenue (18th),1991,77,131
Western Avenue (18th),1989,109,110
Western Avenue (18th),1987,95,102
Western Avenue (18th),1985,115,114
Western Avenue (18th),1983,116,159
Western Avenue (18th),1979,285,0
Western Avenue (Grand),2018,836,846
Western Avenue (Grand),2016,824,1279
Western Avenue (Grand),2014,851,888
Western Avenue (Grand),2006,842,1355
Western Avenue (Grand),2002,632,1154
Western Avenue (Grand),1999,631,1150
Western Avenue (Grand),1997,520,961
Western Avenue (Grand),1995,358,594
Western Avenue (Grand),1993,322,758
Western Avenue (Grand),1991,404,765
Western Avenue (Grand),1989,355,652
Western Avenue (Grand),1987,223,242
Western Avenue (Grand),1985,296,297
Western Avenue (Grand),1983,294,270
Western Avenue (Grand),1979,581,0
Western Springs,2018,1134,1190
Western Springs,2016,1133,1118
Western Springs,2014,1113,1107
Western Springs,2006,1093,1062
Western Springs,2002,1065,1055
Western Springs,1999,1179,1145
Western Springs,1997,1081,1101
Western Springs,1995,1138,1150
Western Springs,1993,1151,1125
Western Springs,1991,1166,1137
Western Springs,1989,1118,1099
Western Springs,1987,1121,1175
Western Springs,1985,1151,1062
Western Springs,1983,1022,990
Western Springs,1979,1329,0
Westmont,2018,1083,960
Westmont,2016,1058,1096
Westmont,2014,1070,1107
Westmont,2006,1168,1182
Westmont,2002,1243,1236
Westmont,1999,1282,1224
Westmont,1997,1292,1294
Westmont,1995,1290,1232
Westmont,1993,1275,1247
Westmont,1991,1254,1224
Westmont,1989,1273,1308
Westmont,1987,1268,1322
Westmont,1985,1314,1293
Westmont,1983,1305,1263
Westmont,1979,1554,0
Wheaton,2018,1618,1538
Wheaton,2016,1577,1700
Wheaton,2014,1506,1538
Wheaton,2006,1661,1608
Wheaton,2002,1655,1661
Wheaton,1999,1865,1833
Wheaton,1997,1990,1989
Wheaton,1995,2027,2044
Wheaton,1993,2188,2174
Wheaton,1991,2115,2133
Wheaton,1989,2133,2071
Wheaton,1987,2132,2102
Wheaton,1985,1901,1820
Wheaton,1983,1770,1864
Wheaton,1979,2167,0
Wheeling,2018,348,332
Wheeling,2016,353,398
Wheeling,2014,333,334
Wheeling,2006,306,303
Wheeling,2002,235,228
Wheeling,1999,282,247
Wheeling,1997,245,217
Willard Ave.,1989,0,2
Willow Springs,2018,148,159
Willow Springs,2016,115,125
Willow Springs,2014,95,106
Willow Springs,2006,97,111
Willow Springs,2002,142,106
Willow Springs,1999,82,86
Willow Springs,1997,67,100
Willow Springs,1995,82,79
Willow Springs,1993,115,120
Willow Springs,1991,134,122
Willow Springs,1989,142,144
Willow Springs,1987,136,149
Willow Springs,1985,96,41
Willow Springs,1983,84,72
Willow Springs,1979,82,0
Wilmette,2018,1653,1560
Wilmette,2016,1614,1506
Wilmette,2014,1120,1172
Wilmette,2006,1379,1360
Wilmette,2002,1363,1338
Wilmette,1999,1494,1501
Wilmette,1997,1484,1459
Wilmette,1995,1505,1532
Wilmette,1993,1465,1521
Wilmette,1991,1473,1425
Wilmette,1989,1465,1367
Wilmette,1987,1375,1375
Wilmette,1985,1245,1247
Wilmette,1983,1175,1120
Wilmette,1979,1483,0
Wilson Road,1983,14,14
Wilson Road,1979,19,0
Windsor Park,2018,68,55
Windsor Park,2016,95,76
Windsor Park,2014,100,91
Windsor Park,2006,192,167
Windsor Park,2002,313,293
Windsor Park,1999,325,326
Windsor Park,1997,289,278
Windsor Park,1995,261,284
Windsor Park,1993,274,292
Windsor Park,1991,353,312
Windsor Park,1989,381,330
Windsor Park,1987,293,274
Windsor Park,1985,378,361
Windsor Park,1983,266,304
Windsor Park,1979,375,0
Winfield,2018,496,536
Winfield,2016,507,548
Winfield,2014,517,542
Winfield,2006,503,515
Winfield,2002,449,461
Winfield,1999,538,542
Winfield,1997,538,531
Winfield,1995,495,486
Winfield,1993,540,542
Winfield,1991,562,560
Winfield,1989,525,529
Winfield,1987,546,488
Winfield,1985,465,373
Winfield,1983,341,367
Winfield,1979,369,0
Winnetka,2018,754,761
Winnetka,2016,737,741
Winnetka,2014,485,598
Winnetka,2006,562,612
Winnetka,2002,630,634
Winnetka,1999,660,659
Winnetka,1997,668,694
Winnetka,1995,721,718
Winnetka,1993,695,716
Winnetka,1991,689,692
Winnetka,1989,672,666
Winnetka,1987,671,711
Winnetka,1985,656,658
Winnetka,1983,673,635
Winnetka,1979,921,0
Winthrop Harbor,2018,59,73
Winthrop Harbor,2016,61,68
Winthrop Harbor,2014,70,73
Winthrop Harbor,2006,79,85
Winthrop Harbor,2002,77,75
Winthrop Harbor,1999,49,49
Winthrop Harbor,1997,47,47
Winthrop Harbor,1995,57,61
Winthrop Harbor,1993,34,34
Winthrop Harbor,1991,28,27
Winthrop Harbor,1989,17,17
Winthrop Harbor,1987,24,23
Winthrop Harbor,1985,18,21
Winthrop Harbor,1983,21,10
Winthrop Harbor,1979,13,0
Wood Dale,2018,596,585
Wood Dale,2016,624,550
Wood Dale,2014,608,564
Wood Dale,2006,639,635
Wood Dale,2002,551,568
Wood Dale,1999,719,695
Wood Dale,1997,709,735
Wood Dale,1995,672,660
Wood Dale,1993,666,683
Wood Dale,1991,614,607
Wood Dale,1989,708,687
Wood Dale,1987,579,566
Wood Dale,1985,563,566
Wood Dale,1983,497,518
Wood Dale,1979,698,0
Woodstock,2018,273,286
Woodstock,2016,317,308
Woodstock,2014,437,381
Woodstock,2006,456,424
Woodstock,2002,415,410
Woodstock,1999,349,352
Woodstock,1997,314,341
Woodstock,1995,357,358
Woodstock,1993,365,387
Woodstock,1991,327,319
Woodstock,1989,289,292
Woodstock,1987,308,256
Woodstock,1985,183,224
Woodstock,1983,166,165
Woodstock,1979,342,0
Worth,2018,406,382
Worth,2016,419,431
Worth,2014,430,435
Worth,2006,445,451
Worth,2002,450,399
Worth,1999,557,565
Worth,1997,547,489
Worth,1995,480,474
Worth,1993,413,397
Worth,1991,417,398
Worth,1989,413,374
Worth,1987,335,301
Worth,1985,234,232
Worth,1983,204,201
Worth,1979,213,0
Wrightwood,2018,261,260
Wrightwood,2016,226,227
Wrightwood,2014,294,295
Wrightwood,2006,296,283
Wrightwood,2002,152,157
Wrightwood,1999,197,221
Wrightwood,1997,174,148
Wrightwood,1995,147,149
Wrightwood,1993,194,203
Wrightwood,1991,210,202
Wrightwood,1989,238,234
Wrightwood,1987,220,211
Wrightwood,1985,138,138
Wrightwood,1983,130,128
Wrightwood,1979,141,0
"Zenda, Wisconsin",1979,12,0
Zion,2018,110,102
Zion,2016,124,122
Zion,2014,155,155
Zion,2006,152,157
Zion,2002,103,107
Zion,1999,93,89
Zion,1997,91,86
Zion,1995,94,90
Zion,1993,100,104
Zion,1991,92,84
Zion,1989,78,85
Zion,1987,85,83
Zion,1985,67,74
Zion,1983,81,85
Zion,1979,130,0
